timestamp,wind_speed_avg_ms,active_power_avg_kw
2021/1/1 00:00,6.204656243324281,-1.338018031
2021/1/1 00:10,5.858887553215028,-2.593343498
2021/1/1 00:20,6.069037508964539,-1.31934552
2021/1/1 00:30,5.918868708610535,-1.11874953
2021/1/1 00:40,5.408306193351746,-2.80034155
2021/1/1 00:50,5.586168789863587,-1.663453043
2021/1/1 01:00,5.628958304723104,-2.16304618
2021/1/1 01:10,5.722087454795839,-2.196419522
2021/1/1 01:20,5.302049983,-1.368961021
2021/1/1 01:30,5.434406232833862,-1.245722515
2021/1/1 01:40,5.625393700599671,-2.40768556
2021/1/1 01:50,6.0530437469482425,-0.985374535
2021/1/1 02:00,6.054513153276946,-2.008206323
2021/1/1 02:10,5.928600049,-2.523455028
2021/1/1 02:20,5.850300097465515,-1.264928527
2021/1/1 02:30,6.389962482452392,-1.369494535
2021/1/1 02:40,6.308793855,-2.246568521
2021/1/1 02:50,6.713962650299072,-2.463169526
2021/1/1 03:00,6.837088192210477,-2.349910602
2021/1/1 03:10,6.240262603759766,-1.993156032
2021/1/1 03:20,5.912006258964538,-1.611170019
2021/1/1 03:30,5.325524926185609,-1.322013018
2021/1/1 03:40,4.728618776798248,-2.816880053
2021/1/1 03:50,5.194068813323973,-1.947808516
2021/1/1 04:00,5.079618668556213,-1.312410025
2021/1/1 04:10,4.866600000858307,-2.331395033
2021/1/1 04:20,4.540125012397766,-1.62077302
2021/1/1 04:30,4.533993721008302,-1.863515525
2021/1/1 04:40,5.834137511253357,-2.376742525
2021/1/1 04:50,5.649356317520141,-1.229184031
2021/1/1 05:00,6.185325098,-1.792560025
2021/1/1 05:10,6.045637440681459,-2.664832518
2021/1/1 05:20,5.834774994850159,-1.554085526
2021/1/1 05:30,5.989368796348571,-1.261194013
2021/1/1 05:40,5.886206209659577,-2.921979511
2021/1/1 05:50,6.329418826,-1.51140551
2021/1/1 06:00,6.377999973297119,-1.15609452
2021/1/1 06:10,6.424349904060364,-2.132933029
2021/1/1 06:20,6.1067063331604015,-1.711468042
2021/1/1 06:30,5.9739749908447255,-1.277199011
2021/1/1 06:40,6.188493752479554,-4.024724054
2021/1/1 06:50,6.463650083541872,-2.255104536
2021/1/1 07:00,6.356999945640565,-2.210290515
2021/1/1 07:10,6.583349990844726,-3.898284537
2021/1/1 07:20,6.802631258964539,-1.845910043
2021/1/1 07:30,6.054168772697449,-1.482063015
2021/1/1 07:40,5.659200143814088,-3.160987556
2021/1/1 07:50,5.979731297492981,-1.359358022
2021/1/1 08:00,6.275051425,-1.960769443
2021/1/1 08:10,6.001574945449829,-2.324993043
2021/1/1 08:20,5.002950048446655,-1.091541006
2021/1/1 08:30,5.370337486267089,-1.309209029
2021/1/1 08:40,5.648550033569336,-2.411420025
2021/1/1 08:50,6.122737479209899,-1.436715529
2021/1/1 09:00,6.389381265640258,-0.942161028
2021/1/1 09:10,6.536568665504456,-2.452499518
2021/1/1 09:20,6.681993746757508,-0.878141014
2021/1/1 09:30,6.763424968719482,-1.269196507
2021/1/1 09:40,6.332812398672103,-2.067979366
2021/1/1 09:50,6.079999924,-1.309999943
2021/1/1 10:00,6.1833749413490295,-2.065978747
2021/1/1 10:10,6.4724625587463365,-2.123330064
2021/1/1 10:20,6.89296875,-1.577559523
2021/1/1 10:30,6.417243814468383,-1.118749522
2021/1/1 10:40,5.278481256961824,-2.560800022
2021/1/1 10:50,5.319206166267395,-1.02485352
2021/1/1 11:00,5.555606198310852,-1.435648529
2021/1/1 11:10,4.741312515735627,-2.425824529
2021/1/1 11:20,4.613568687438965,-1.456455027
2021/1/1 11:30,5.113781237602234,-1.410040519
2021/1/1 11:40,6.341062569618225,-2.072114028
2021/1/1 11:50,6.184556245803832,-1.272397525
2021/1/1 12:00,6.681056213378905,-0.872272508
2021/1/1 12:10,5.837493801116944,-2.598145026
2021/1/1 12:20,5.701875042915344,-1.20250905
2021/1/1 12:30,4.712268769741059,-1.041392019
2021/1/1 12:40,4.842825055122376,-2.451966012
2021/1/1 12:50,5.564684064764726,-1.866688397
2021/1/1 13:00,5.375887477397918,-1.156094521
2021/1/1 13:10,5.876643610000609,-2.500514535
2021/1/1 13:20,6.708131241798401,-0.884009526
2021/1/1 13:30,6.753375029563904,-1.530611515
2021/1/1 13:40,6.890081238746644,-2.047039512
2021/1/1 13:50,6.462018681,-0.860535514
2021/1/1 14:00,5.9680657386779785,-1.479760535
2021/1/1 14:10,6.476137614250183,-2.177747032
2021/1/1 14:20,6.250087475776671,-0.449740512
2021/1/1 14:30,5.798887491226196,-1.12995303
2021/1/1 14:40,5.581462454795837,-2.883567538
2021/1/1 14:50,5.536631155014038,-1.114481503
2021/1/1 15:00,5.778487444,-0.843463513
2021/1/1 15:10,5.665462517738343,-1.979818509
2021/1/1 15:20,6.202181220054627,-1.324680521
2021/1/1 15:30,7.095974994,-1.185970499
2021/1/1 15:40,6.9045374393463135,-2.631755548
2021/1/1 15:50,6.507768774032593,-0.922421507
2021/1/1 16:00,6.850361924422415,-1.095078956
2021/1/1 16:10,7.307474970817566,-2.366072521
2021/1/1 16:20,6.569324970245361,-1.128352501
2021/1/1 16:30,6.552768790721894,-1.090474014
2021/1/1 16:40,6.540824973583222,-2.442363521
2021/1/1 16:50,6.8475199222564695,403.1424280881882
2021/1/1 17:00,7.156797337532043,706.9233917
2021/1/1 17:10,6.828296756744384,697.6020416259769
2021/1/1 17:20,7.457509732246399,789.3036773681642
2021/1/1 17:30,7.297668147087097,845.3188201904302
2021/1/1 17:40,7.918899488449098,866.8799926757818
2021/1/1 17:50,7.142021489143373,718.2727478027347
2021/1/1 18:00,6.563985323905944,550.3681808471681
2021/1/1 18:10,6.59181056,552.9184509277344
2021/1/1 18:20,6.678311812877655,655.6631286621094
2021/1/1 18:30,6.882685836992767,720.2143096923828
2021/1/1 18:40,6.400486850738526,618.5393341064454
2021/1/1 18:50,6.739568042755126,551.0228149414063
2021/1/1 19:00,6.683583569526671,587.5917824193051
2021/1/1 19:10,6.286828565597533,475.35119018554695
2021/1/1 19:20,6.755086278915404,706.6268005371098
2021/1/1 19:30,6.702610111236572,741.2829742431646
2021/1/1 19:40,6.6386808156967145,800.8333251953125
2021/1/1 19:50,6.850887274742126,778.2376464843752
2021/1/1 20:00,7.049079108238222,716.1098022460939
2021/1/1 20:10,6.609927511,677.6986068725589
2021/1/1 20:20,7.450400400161743,824.9287704467777
2021/1/1 20:30,7.217478156089783,856.2989410400393
2021/1/1 20:40,6.887492609024048,699.6897797
2021/1/1 20:50,7.2832079410552995,782.9065948
2021/1/1 21:00,6.435347223281859,615.3311844
2021/1/1 21:10,6.3790100574493405,524.3178421020508
2021/1/1 21:20,6.538591766357422,623.0834167480468
2021/1/1 21:30,6.292285895347595,564.8327667236329
2021/1/1 21:40,6.331063055992127,605.1855117797852
2021/1/1 21:50,6.382870960235596,596.2008178710937
2021/1/1 22:00,6.525932168960571,565.1171401977539
2021/1/1 22:10,6.106772339344024,411.4626960754396
2021/1/1 22:20,5.691213667392731,345.1572754
2021/1/1 22:30,5.437594246864317,337.65366744995123
2021/1/1 22:40,5.205878579616548,322.9964515686036
2021/1/1 22:50,5.324103164672851,280.7256683
2021/1/1 23:00,5.509319746494294,361.5623840332032
2021/1/1 23:10,6.147053050994873,471.4110473632815
2021/1/1 23:20,6.404403483867645,524.0126495361329
2021/1/1 23:30,6.035139739513397,521.4026184082034
2021/1/1 23:40,5.574195647239685,374.4658721923829
2021/1/1 23:50,5.713451528549195,399.2597167968751
2021/1/2 00:00,5.544254302978516,332.2649918
2021/1/2 00:10,6.390240312,471.1950027465821
2021/1/2 00:20,6.495396817,525.9515243530275
2021/1/2 00:30,6.808230710029602,626.1907302856446
2021/1/2 00:40,6.596410751342774,559.7144865148209
2021/1/2 00:50,6.6289168834686265,609.1886276245117
2021/1/2 01:00,6.543585109710693,602.5226730346681
2021/1/2 01:10,6.783189868927002,614.1697113
2021/1/2 01:20,6.579986286,581.8802383422852
2021/1/2 01:30,6.761267638206482,630.4493927001953
2021/1/2 01:40,6.617242060209574,597.4784128289475
2021/1/2 01:50,6.555168151855469,588.5750198364259
2021/1/2 02:00,6.839118671417237,712.1344451904298
2021/1/2 02:10,7.370804429,788.9131286621098
2021/1/2 02:20,7.204131698608397,792.5672882080078
2021/1/2 02:30,6.916235195963006,682.8572885613693
2021/1/2 02:40,7.019861698150635,732.7901885986328
2021/1/2 02:50,6.939541840553284,649.970314
2021/1/2 03:00,6.636620402336121,614.5362274169922
2021/1/2 03:10,6.622679924964904,574.8546997070314
2021/1/2 03:20,6.573934864997864,571.6775115966797
2021/1/2 03:30,6.415671086,514.7788146972656
2021/1/2 03:40,3.663498928672388,147.6771665137065
2021/1/2 03:50,2.4684109628200543,48.90323925
2021/1/2 04:00,3.0474123716354384,102.33822097778317
2021/1/2 04:10,3.2089989721775063,112.78634099960324
2021/1/2 04:20,2.555302053689956,75.08899774551391
2021/1/2 04:30,2.7272650361061097,27.68937555402517
2021/1/2 04:40,3.296409845352172,62.20522747039795
2021/1/2 04:50,3.0290541589260096,112.09697532653809
2021/1/2 05:00,3.0242093205451965,48.77197370529175
2021/1/2 05:10,2.885886512304607,54.07848004918352
2021/1/2 05:20,4.283489322662354,113.44952907562256
2021/1/2 05:30,4.399597775936127,156.9122726440429
2021/1/2 05:40,4.869693148,191.3166259765624
2021/1/2 05:50,4.165895891189575,141.40831642150872
2021/1/2 06:00,4.985764563083649,315.3840065002442
2021/1/2 06:10,3.091776847839355,75.89949312210084
2021/1/2 06:20,3.2139181375503547,79.84812917709353
2021/1/2 06:30,3.182844489812851,62.35729904174806
2021/1/2 06:40,2.893362307548524,29.132069075107573
2021/1/2 06:50,3.191383188962936,48.00259084701539
2021/1/2 07:00,2.8245139360427864,72.08045558929442
2021/1/2 07:10,3.692867690324782,180.09266433715823
2021/1/2 07:20,4.917528605,231.23403778076167
2021/1/2 07:30,4.589362215995789,221.11927871704103
2021/1/2 07:40,3.702780115604401,132.4950874328613
2021/1/2 07:50,3.671743607521056,118.53091583251948
2021/1/2 08:00,2.938450545072556,87.89865742
2021/1/2 08:10,3.4569569349288947,132.63008651733398
2021/1/2 08:20,5.501857542991639,262.60147094726574
2021/1/2 08:30,4.857163358,228.17791900634788
2021/1/2 08:40,4.537238669395447,258.93773040771487
2021/1/2 08:50,4.520608769522773,171.5216704474555
2021/1/2 09:00,3.7623657703399673,134.4195377349853
2021/1/2 09:10,4.219613653421403,8.254909721016906
2021/1/2 09:20,2.8773428738117226,51.83230819702148
2021/1/2 09:30,2.6753828585147845,71.82268352508544
2021/1/2 09:40,4.985393166542052,191.51350326538085
2021/1/2 09:50,4.939451062679291,218.2211585998536
2021/1/2 10:00,4.771813027064005,152.38028869628906
2021/1/2 10:10,5.378305578231812,257.1744537353516
2021/1/2 10:20,5.969391270687706,387.3101493835451
2021/1/2 10:30,4.941752743721009,220.5584716796875
2021/1/2 10:40,5.025580954551697,268.1059513092044
2021/1/2 10:50,5.302217912673951,307.1526626586915
2021/1/2 11:00,5.724960303306579,371.49780960083007
2021/1/2 11:10,4.805424765536661,212.1804733276368
2021/1/2 11:20,4.759626746177673,205.5939645767212
2021/1/2 11:30,5.569750434473941,322.7160026148746
2021/1/2 11:40,6.102354479,422.23689880371103
2021/1/2 11:50,5.319481039047242,313.0187904357913
2021/1/2 12:00,4.331306469,166.39420585632325
2021/1/2 12:10,4.842758917808533,202.9038526535034
2021/1/2 12:20,5.0588263869285575,280.32333145141604
2021/1/2 12:30,4.393100941181183,134.7481441497803
2021/1/2 12:40,4.626505768299102,181.2306850433351
2021/1/2 12:50,5.193181788921356,278.0339538574219
2021/1/2 13:00,5.534731853008269,358.23899230957045
2021/1/2 13:10,5.809067034721375,420.1449081
2021/1/2 13:20,4.967833006381989,308.9026482
2021/1/2 13:30,5.505477237701416,349.55893173217777
2021/1/2 13:40,5.682507884502411,355.91764450073254
2021/1/2 13:50,4.448528575897217,165.93060607910158
2021/1/2 14:00,2.785659265518189,29.928938895463936
2021/1/2 14:10,2.2544624745845803,-0.681279521
2021/1/2 14:20,2.3240813136100766,-0.627396019
2021/1/2 14:30,3.0195376038551327,-1.75841609
2021/1/2 14:40,2.480962729454041,3.2386636346578586
2021/1/2 14:50,2.7572805941104885,16.62787333428859
2021/1/2 15:00,2.509898030757904,19.425714899599555
2021/1/2 15:10,2.475390345,8.820228528976433
2021/1/2 15:20,2.6099314630031585,13.958186745643603
2021/1/2 15:30,2.046281108260154,-13.96000607
2021/1/2 15:40,2.428373167389318,-6.696489463
2021/1/2 15:50,2.4302250027656545,-0.700485519
2021/1/2 16:00,2.115881305932999,-1.660785547
2021/1/2 16:10,2.6225250303745264,-0.983774021
2021/1/2 16:20,2.265318715572356,-0.934158525
2021/1/2 16:30,3.211096972227097,17.46523856222627
2021/1/2 16:40,4.736191618442535,190.09111251831055
2021/1/2 16:50,2.928668224811555,82.77138624191281
2021/1/2 17:00,3.028051757812501,61.145661544799815
2021/1/2 17:10,3.925659978389741,115.50251770019534
2021/1/2 17:20,4.597307002544403,166.40752182006844
2021/1/2 17:30,4.727968406677247,198.783461
2021/1/2 17:40,4.903291237354278,218.9808357
2021/1/2 17:50,5.1291411280632015,262.9419029
2021/1/2 18:00,5.051958358287811,314.72287597656253
2021/1/2 18:10,5.263663673400879,316.85440597534193
2021/1/2 18:20,5.4339560747146605,282.9403480529785
2021/1/2 18:30,5.441381025314331,294.63161849975603
2021/1/2 18:40,5.2001242399215695,257.9042816
2021/1/2 18:50,4.9041636943817135,197.69770507812504
2021/1/2 19:00,5.041062188148499,215.6164070129396
2021/1/2 19:10,5.175510311126709,226.0118270874024
2021/1/2 19:20,4.930392444133759,179.72722282409669
2021/1/2 19:30,4.4017510414123535,157.11338272094736
2021/1/2 19:40,4.110134208202362,111.32182273864755
2021/1/2 19:50,4.167102456092834,115.66370201110848
2021/1/2 20:00,4.702482104301453,162.41404075622566
2021/1/2 20:10,4.430430126190186,174.95309486389172
2021/1/2 20:20,4.631183516979218,159.05813331604008
2021/1/2 20:30,4.870027232170106,187.8731079101562
2021/1/2 20:40,5.060979688167572,216.59808959960955
2021/1/2 20:50,4.568887710571288,144.4568393707276
2021/1/2 21:00,4.5292939901351925,150.41914329528817
2021/1/2 21:10,4.529312503337859,150.2168956756592
2021/1/2 21:20,4.788203740119934,184.35828323364257
2021/1/2 21:30,4.4552667140960684,147.68899803161634
2021/1/2 21:40,4.223272597789765,115.77100582122792
2021/1/2 21:50,4.836559009552002,189.5815445
2021/1/2 22:00,4.745714151859283,195.99359741210932
2021/1/2 22:10,5.137661314010621,238.26275253295893
2021/1/2 22:20,5.080860137939453,232.1138069152832
2021/1/2 22:30,4.746345257759094,218.82824172973628
2021/1/2 22:40,4.569073438644408,206.22087936401377
2021/1/2 22:50,4.978673601150513,204.93459167480464
2021/1/2 23:00,4.518732047080993,211.93880538940437
2021/1/2 23:10,5.1112468242645255,265.7619447708131
2021/1/2 23:20,5.167714,298.9634262084961
2021/1/2 23:30,5.286903787,280.0912612915039
2021/1/2 23:40,4.871270978450776,266.68888168334973
2021/1/2 23:50,5.131851315498352,267.96030883789064
2021/1/3 00:00,5.578873550891876,349.0520996093751
2021/1/3 00:10,4.869897366,240.8765487670899
2021/1/3 00:20,4.654238152503967,215.3106941223145
2021/1/3 00:30,4.676327550411223,216.96196212768564
2021/1/3 00:40,4.884116172790527,252.5118293762208
2021/1/3 00:50,5.998348808288574,450.2548355102539
2021/1/3 01:00,6.267319369316101,502.7081146240236
2021/1/3 01:10,5.801716303825379,432.8845809936524
2021/1/3 01:20,5.702221238613128,464.8501785
2021/1/3 01:30,6.599384021759032,582.8651535
2021/1/3 01:40,5.149939444330004,314.3597038670589
2021/1/3 01:50,5.032987439632416,327.08058776855484
2021/1/3 02:00,5.110040307044983,281.4333913702714
2021/1/3 02:10,4.967220568656922,247.37180480957045
2021/1/3 02:20,5.004865300655365,275.7664947509767
2021/1/3 02:30,4.982478904724121,260.99137878417974
2021/1/3 02:40,5.383521723747252,329.3593544006349
2021/1/3 02:50,6.124796485900879,494.6203063964844
2021/1/3 03:00,6.427309632301331,562.870459
2021/1/3 03:10,6.3766340017318734,504.6320145
2021/1/3 03:20,6.347954988479613,501.8944992065431
2021/1/3 03:30,6.295163075129191,556.3890245225695
2021/1/3 03:40,5.695334589481353,416.5536979675294
2021/1/3 03:50,5.652754055826287,407.3171295166016
2021/1/3 04:00,5.750539398193357,383.7089474326688
2021/1/3 04:10,5.274207162857055,294.7367591857912
2021/1/3 04:20,5.507482028007507,360.0066001892091
2021/1/3 04:30,5.5935749292373655,342.0456939697267
2021/1/3 04:40,5.335648953914643,303.9871604919435
2021/1/3 04:50,5.362620258331298,285.2745705
2021/1/3 05:00,5.661643612384796,382.7836891174317
2021/1/3 05:10,6.942734599113464,630.7055130004885
2021/1/3 05:20,7.127338624000549,821.4938720703125
2021/1/3 05:30,6.667805433273315,597.1062332
2021/1/3 05:40,6.519342541694639,520.1029388427735
2021/1/3 05:50,6.280907178,492.6041061401368
2021/1/3 06:00,5.795757722854615,460.8407059
2021/1/3 06:10,6.003546333312988,434.3059509277344
2021/1/3 06:20,6.238547539710998,472.0304824829101
2021/1/3 06:30,7.003211212158204,699.6828338623047
2021/1/3 06:40,5.993708181381226,489.3292739868165
2021/1/3 06:50,6.3842818498611456,540.8056503
2021/1/3 07:00,5.885139381184297,458.02550192440265
2021/1/3 07:10,5.386313839962608,346.6379241943361
2021/1/3 07:20,5.0666226863861095,273.4204845428467
2021/1/3 07:30,4.486191868782044,211.03224811553952
2021/1/3 07:40,5.540170550346375,358.16749343872084
2021/1/3 07:50,5.916710996627807,423.3365066528321
2021/1/3 08:00,6.156872558593749,454.2542266845705
2021/1/3 08:10,6.016001772880555,444.4563964843751
2021/1/3 08:20,6.608572435379027,572.5252960205079
2021/1/3 08:30,6.235020661354065,562.7439972
2021/1/3 08:40,6.050732278823853,476.5970001220705
2021/1/3 08:50,5.763384652137756,439.25658111572267
2021/1/3 09:00,5.838952541351319,455.9124572753906
2021/1/3 09:10,6.412496757507324,606.6367462158205
2021/1/3 09:20,6.638346600532532,618.5323852539062
2021/1/3 09:30,6.154608011245727,504.5803421020508
2021/1/3 09:40,7.010376302819503,659.5850990696958
2021/1/3 09:50,6.584998059272768,560.1072921752931
2021/1/3 10:00,5.7637559413909925,479.98336334228526
2021/1/3 10:10,5.679120213,424.7091872
2021/1/3 10:20,5.763997268676758,369.3418014526368
2021/1/3 10:30,5.998515844345093,427.9787811279298
2021/1/3 10:40,5.449418580532074,395.30461959838885
2021/1/3 10:50,5.689877200126647,471.4457534790039
2021/1/3 11:00,5.793344593048097,461.2659332275391
2021/1/3 11:10,5.9470048427581785,450.4393888774672
2021/1/3 11:20,6.425007891654968,583.7796401977541
2021/1/3 11:30,5.986895823478699,482.6275192260743
2021/1/3 11:40,5.803943812847137,479.0406113
2021/1/3 11:50,3.982034337520599,150.03019042015086
2021/1/3 12:00,3.5615008950233453,94.32607326507568
2021/1/3 12:10,3.463043426212513,78.36007721
2021/1/3 12:20,3.5296423321678523,97.80526908636094
2021/1/3 12:30,4.944184458255768,241.00990266799937
2021/1/3 12:40,6.331418689928557,508.5983306884767
2021/1/3 12:50,6.606085085868836,567.8869789525083
2021/1/3 13:00,6.353171110153198,564.4150329589846
2021/1/3 13:10,5.845783591270447,390.5855453491212
2021/1/3 13:20,6.078891491889953,531.1620513916016
2021/1/3 13:30,6.273148012161256,538.7072250366215
2021/1/3 13:40,6.923169660568237,679.2480117797852
2021/1/3 13:50,7.351220989227296,870.3068618774417
2021/1/3 14:00,6.229730355739593,526.3863525390625
2021/1/3 14:10,5.455525600910186,422.1237876892092
2021/1/3 14:20,6.290355491638183,633.1165145874023
2021/1/3 14:30,6.304314541816711,573.2417999267577
2021/1/3 14:40,5.684902418,443.80440979003913
2021/1/3 14:50,6.047743606567383,420.95797500610354
2021/1/3 15:00,6.834181022644044,568.1556427001954
2021/1/3 15:10,7.247345185279846,749.1921020507814
2021/1/3 15:20,7.317455792427063,829.5491683959963
2021/1/3 15:30,6.492352724075317,596.1474624633789
2021/1/3 15:40,5.169366180896759,294.9048652648927
2021/1/3 15:50,5.8797344923019415,630.1591598510744
2021/1/3 16:00,7.305501556396484,839.6095001220705
2021/1/3 16:10,8.156406426,1143.8036193847663
2021/1/3 16:20,7.273425555229187,866.7033935546881
2021/1/3 16:30,6.851054358482361,794.5392303466799
2021/1/3 16:40,5.872142386436462,484.1112808227539
2021/1/3 16:50,5.839064073562623,490.46943359375007
2021/1/3 17:00,6.247123432159424,550.7603088378908
2021/1/3 17:10,5.591718602180482,481.5673950195314
2021/1/3 17:20,5.957567024230958,554.4865005493165
2021/1/3 17:30,6.647182440757751,706.0313415527346
2021/1/3 17:40,5.743554090198717,458.7383993048418
2021/1/3 17:50,4.999983227,302.6474838256836
2021/1/3 18:00,4.701535415649414,240.2064392089844
2021/1/3 18:10,4.474256217479705,266.5784744262696
2021/1/3 18:20,6.233780007613332,514.2859593441611
2021/1/3 18:30,6.557636904716492,765.7140319824222
2021/1/3 18:40,7.552828240394592,909.2046600341798
2021/1/3 18:50,7.737696383,967.6781582302524
2021/1/3 19:00,6.8689299583435055,753.8423660278319
2021/1/3 19:10,5.527009773254394,401.5843353271485
2021/1/3 19:20,5.632222032546999,464.0531188964845
2021/1/3 19:30,4.854259504212274,235.39451938205303
2021/1/3 19:40,4.202553949858012,142.05308231554542
2021/1/3 19:50,6.219947969913482,486.2758453369141
2021/1/3 20:00,6.628155899047852,548.9895095825195
2021/1/3 20:10,6.636044883728028,573.6579528808595
2021/1/3 20:20,5.282891474272075,332.0088715
2021/1/3 20:30,4.011400198936462,231.6667030334475
2021/1/3 20:40,4.357813632,215.87110659950653
2021/1/3 20:50,4.976241815090178,357.3005142211916
2021/1/3 21:00,5.675751149654389,389.2484962
2021/1/3 21:10,6.422446131706238,645.7132584
2021/1/3 21:20,5.177403628826142,422.3185127258301
2021/1/3 21:30,5.447116768360138,403.2991065979004
2021/1/3 21:40,7.144249105453492,937.7492324829096
2021/1/3 21:50,7.724104440212249,1023.7724517822278
2021/1/3 22:00,8.005382061,1116.3527893066423
2021/1/3 22:10,7.519545674324037,987.9883697509772
2021/1/3 22:20,6.862247467041015,907.0011597
2021/1/3 22:30,7.239999771,807.1799927
2021/1/3 22:40,7.210000038,841.5200195
2021/1/3 22:50,6.670000076,620.1599731
2021/1/3 23:00,5.889999866,419.9599915
2021/1/3 23:10,5.690000057,412.6900024
2021/1/3 23:20,4.449999809,226.9400024
2021/1/3 23:30,3.730435592787608,161.39874703543543
2021/1/3 23:40,4.576145780086516,205.4413999557496
2021/1/3 23:50,4.771033382415771,251.8950759887696
2021/1/4 00:00,3.934737074375153,178.49687309265138
2021/1/4 00:10,4.043420517444611,188.36617660522464
2021/1/4 00:20,4.146312463283539,200.9586975097656
2021/1/4 00:30,3.769549417495728,189.21393127441408
2021/1/4 00:40,3.6857584,235.46599655151363
2021/1/4 00:50,5.7229741454124445,435.8723953247071
2021/1/4 01:00,5.845338129997254,519.4557418823243
2021/1/4 01:10,6.295701528,599.6517028808595
2021/1/4 01:20,5.823749971389772,457.5722579956056
2021/1/4 01:30,6.196166402415225,469.4107634
2021/1/4 01:40,5.918752801418305,498.0365036010743
2021/1/4 01:50,4.712060284614562,353.3070152282716
2021/1/4 02:00,4.273205649852753,221.86138763427732
2021/1/4 02:10,6.082344210147857,516.7683387756348
2021/1/4 02:20,6.534582352638244,696.6523727416993
2021/1/4 02:30,6.424840831756592,677.2632263183593
2021/1/4 02:40,6.593889546394348,679.2079452514652
2021/1/4 02:50,5.7866249084472665,447.6928207397461
2021/1/4 03:00,7.115477204322815,709.5041259765625
2021/1/4 03:10,6.652120012986034,604.330777
2021/1/4 03:20,6.943161559,657.2119506835938
2021/1/4 03:30,6.5221082925796505,601.0469009399415
2021/1/4 03:40,6.030127763748169,505.2686574835527
2021/1/4 03:50,6.794772911071776,756.1835205078125
2021/1/4 04:00,7.688798618316651,963.5301025390628
2021/1/4 04:10,7.321205353736877,807.3168182373047
2021/1/4 04:20,7.134670853614807,940.5796264648444
2021/1/4 04:30,7.828221487998964,957.3229888916024
2021/1/4 04:40,7.102947545051573,729.1840270996095
2021/1/4 04:50,6.478152322769165,611.8376235961914
2021/1/4 05:00,7.182283592224121,746.8023926
2021/1/4 05:10,7.012770844,805.698587
2021/1/4 05:20,6.839044356346132,692.9069702148439
2021/1/4 05:30,7.105249285697937,853.8142761230469
2021/1/4 05:40,6.826793241500854,708.2247192382818
2021/1/4 05:50,7.024576663970949,829.477655
2021/1/4 06:00,7.214489531517029,782.0641510009766
2021/1/4 06:10,8.154587364196779,1168.7116363525397
2021/1/4 06:20,8.255363226,1201.9075714111327
2021/1/4 06:30,8.051194239,1138.4421539306643
2021/1/4 06:40,8.241515564918519,1318.326150512696
2021/1/4 06:50,8.105619502067567,1050.2474792480466
2021/1/4 07:00,8.127838862569707,1024.252463892887
2021/1/4 07:10,7.064318931102752,892.7211212158205
2021/1/4 07:20,6.048931646347046,580.0534561157226
2021/1/4 07:30,6.384356045722961,691.3741317749021
2021/1/4 07:40,5.960017228126526,671.1051834106447
2021/1/4 07:50,6.016688692569733,611.4513320922852
2021/1/4 08:00,6.065043974,536.9940673828127
2021/1/4 08:10,7.755048155784605,913.6420684814462
2021/1/4 08:20,6.045924496650696,696.3920211791994
2021/1/4 08:30,6.427922177314758,739.5569931030275
2021/1/4 08:40,6.903029346466065,958.1857147216796
2021/1/4 08:50,8.767168355,1585.121765
2021/1/4 09:00,7.535787892341614,1113.524520874024
2021/1/4 09:10,7.702735886854291,1161.0224268296186
2021/1/4 09:20,8.499423050880427,1610.7729827880871
2021/1/4 09:30,8.726999163627621,1588.7764709472665
2021/1/4 09:40,9.846633505821224,1875.4301574707056
2021/1/4 09:50,9.007218742370606,1709.3006164550795
2021/1/4 10:00,9.380157876014708,1656.5789428710948
2021/1/4 10:10,8.557727766036987,1317.4186309814463
2021/1/4 10:20,9.850216245651248,1792.4240844726587
2021/1/4 10:30,9.417579889,1699.2226776123057
2021/1/4 10:40,8.832768416404727,1551.109002685548
2021/1/4 10:50,9.435028576850891,1689.6927215576184
2021/1/4 11:00,8.601702404022216,1559.8498931884772
2021/1/4 11:10,9.078164505958558,1638.9392669677738
2021/1/4 11:20,9.119707369804384,1682.8805664062506
2021/1/4 11:30,8.919510960578922,1553.891885375977
2021/1/4 11:40,9.556891489028931,1792.140774536134
2021/1/4 11:50,10.065689516067504,1877.238305664064
2021/1/4 12:00,8.854393744468688,1500.2259063720703
2021/1/4 12:10,9.512898397445683,1732.62616
2021/1/4 12:20,9.567769098281865,1754.8280822753918
2021/1/4 12:30,10.30197167396546,1888.9696166992203
2021/1/4 12:40,9.453795385360715,1793.3967102050792
2021/1/4 12:50,9.683135104,1803.586108398439
2021/1/4 13:00,9.505436205863948,1646.2406646728518
2021/1/4 13:10,9.892631411552427,1705.1721679687512
2021/1/4 13:20,10.004748916625989,1810.7141296386735
2021/1/4 13:30,10.43801629543304,1932.6308349609396
2021/1/4 13:40,10.91106103595935,2020.4258850097667
2021/1/4 13:50,9.489175438880924,1769.5111597964649
2021/1/4 14:00,8.989417338371277,1491.3286956787113
2021/1/4 14:10,6.845504152774811,832.2835174560547
2021/1/4 14:20,6.354637432098388,841.7606903076181
2021/1/4 14:30,8.033225679397585,1213.8677658081058
2021/1/4 14:40,8.810901618003843,1442.5530700683605
2021/1/4 14:50,9.857808279991154,1783.627703857424
2021/1/4 15:00,10.63110342025757,2005.0446472167991
2021/1/4 15:10,10.185640478134165,1822.8920227050803
2021/1/4 15:20,9.529122042655946,1706.5678527832042
2021/1/4 15:30,9.729114246368416,1847.406823730471
2021/1/4 15:40,9.628171396,1767.538464355471
2021/1/4 15:50,9.370021795,1737.9204037314998
2021/1/4 16:00,9.482715868949883,1845.1377319335948
2021/1/4 16:10,10.087444710731504,1916.0469787597665
2021/1/4 16:20,9.337686991691584,1673.1995849609386
2021/1/4 16:30,7.130160236358644,814.3781265258796
2021/1/4 16:40,7.214081192016602,769.6274993896485
2021/1/4 16:50,8.583251380920412,1336.7842956542977
2021/1/4 17:00,6.994598245620727,890.8036132812507
2021/1/4 17:10,7.035305714607242,900.8004318237314
2021/1/4 17:20,7.226629495620727,975.2667877
2021/1/4 17:30,6.346896874904633,818.8923706054694
2021/1/4 17:40,8.910879278182982,1442.0355163574225
2021/1/4 17:50,7.947782564163208,1270.6096069335952
2021/1/4 18:00,7.616274881362915,1115.736569213868
2021/1/4 18:10,6.131144976615904,655.5767028808596
2021/1/4 18:20,6.179537320137024,718.2241897583013
2021/1/4 18:30,6.152269113063812,607.3943473815918
2021/1/4 18:40,7.5202511072158815,958.8141937255862
2021/1/4 18:50,7.190636682510376,843.2092377
2021/1/4 19:00,6.143767368793488,617.7577041625975
2021/1/4 19:10,6.845040190219879,834.2789520263675
2021/1/4 19:20,6.808527660369872,692.2816497802736
2021/1/4 19:30,5.008095169067383,355.96348571777355
2021/1/4 19:40,4.9911847,272.3331695556641
2021/1/4 19:50,4.853079664707184,289.8106575012208
2021/1/4 20:00,4.822173023223877,267.04638442993166
2021/1/4 20:10,4.538946545124054,207.2932693481445
2021/1/4 20:20,6.294327926635742,636.2318328857422
2021/1/4 20:30,4.580563533306122,313.11594009399425
2021/1/4 20:40,4.674820675569422,255.29969608082496
2021/1/4 20:50,5.686406087875366,459.5538330078125
2021/1/4 21:00,5.572228002548218,445.2924766540529
2021/1/4 21:10,7.135227680206299,784.9591247558593
2021/1/4 21:20,5.818097227498105,588.0596405029299
2021/1/4 21:30,6.972675943374635,872.8715423583986
2021/1/4 21:40,6.573641856511435,615.7172923368569
2021/1/4 21:50,6.782819622441344,984.2486781
2021/1/4 22:00,4.835965073108673,409.2149452209474
2021/1/4 22:10,6.6756944298744205,659.4533630371095
2021/1/4 22:20,7.606566667556761,913.5737839
2021/1/4 22:30,7.37381146,925.7767532
2021/1/4 22:40,7.1810399174690245,806.1297164916998
2021/1/4 22:50,6.167620205879209,634.6984664916995
2021/1/4 23:00,5.734185898303986,520.5879196166993
2021/1/4 23:10,6.706601059436798,683.6928359985354
2021/1/4 23:20,7.735761713981629,1017.3204437255866
2021/1/4 23:30,7.805426836013794,1019.8909851074216
2021/1/4 23:40,7.803830361366275,1081.497601
2021/1/4 23:50,7.609982240200042,1124.2725921630868
2021/1/5 00:00,7.340194797515869,821.2580688476568
2021/1/5 00:10,6.760339522361756,957.1613372802748
2021/1/5 00:20,6.797260261,759.2075805664066
2021/1/5 00:30,8.433006250858309,1339.804638671876
2021/1/5 00:40,8.964558099445538,1384.8891376696135
2021/1/5 00:50,7.520603728294375,1089.2967712402346
2021/1/5 01:00,6.414111745357512,749.6290878295903
2021/1/5 01:10,6.867946195602416,902.6912765502932
2021/1/5 01:20,7.274372267723086,939.2484772
2021/1/5 01:30,6.068774986,634.1056961059571
2021/1/5 01:40,6.9254714250564575,827.0997344970707
2021/1/5 01:50,7.522664129734037,1122.9077941894543
2021/1/5 02:00,6.615273499488831,839.5171951293945
2021/1/5 02:10,5.208792841434478,411.0652130126954
2021/1/5 02:20,6.017134106,574.1429443359378
2021/1/5 02:30,6.003342175483704,572.4313552856446
2021/1/5 02:40,5.433974647521973,402.7127716064455
2021/1/5 02:50,6.612470555305481,606.1778961181642
2021/1/5 03:00,4.581380319595335,252.58924102783195
2021/1/5 03:10,4.590123319625855,294.7399673461914
2021/1/5 03:20,4.093650686740875,206.6888046264649
2021/1/5 03:30,3.8929158091545104,165.9828430175781
2021/1/5 03:40,5.326349234580993,319.1139358520507
2021/1/5 03:50,7.016761851,615.3173187
2021/1/5 04:00,8.125165891647338,1053.5815063476573
2021/1/5 04:10,7.14655087,727.4660400390625
2021/1/5 04:20,6.287979578971862,593.2263427734376
2021/1/5 04:30,5.426584620224803,465.7886734
2021/1/5 04:40,5.733329273405529,501.65974578857424
2021/1/5 04:50,6.576867628097534,640.7481887817382
2021/1/5 05:00,6.154199600219728,497.6913314819337
2021/1/5 05:10,6.853281855583191,674.6478363
2021/1/5 05:20,6.561359280034114,616.5660111276728
2021/1/5 05:30,6.993187451,696.5205688476564
2021/1/5 05:40,7.046981573104858,734.0952239990235
2021/1/5 05:50,7.340528964996338,852.6133087158203
2021/1/5 06:00,7.195722842216492,803.6509078979491
2021/1/5 06:10,7.470652055740357,918.1397399902346
2021/1/5 06:20,7.127561473846436,825.1325866699219
2021/1/5 06:30,7.035732722282409,736.2320220947266
2021/1/5 06:40,7.386062884,827.1530578613283
2021/1/5 06:50,7.297890782356262,836.6787933349613
2021/1/5 07:00,6.9181764125823975,647.2887802124021
2021/1/5 07:10,6.611987948417664,543.7886428833009
2021/1/5 07:20,7.125376505010268,664.1595961626839
2021/1/5 07:30,7.097659161216335,769.1889313
2021/1/5 07:40,7.011304522,780.4506595009252
2021/1/5 07:50,6.055577087402343,528.7877807617189
2021/1/5 08:00,6.8595931053161605,686.7980041503907
2021/1/5 08:10,6.794215989112854,627.0374847412111
2021/1/5 08:20,6.904792833328247,587.5041976928712
2021/1/5 08:30,7.104321122169495,687.1298675537109
2021/1/5 08:40,7.213524341583254,797.4277832
2021/1/5 08:50,7.360724902153015,793.231546
2021/1/5 09:00,7.386174106597899,791.5567962646485
2021/1/5 09:10,6.909025049209594,718.5875366210937
2021/1/5 09:20,5.993875241279603,473.45931243896496
2021/1/5 09:30,6.100498294830324,460.9607406616212
2021/1/5 09:40,6.253100562095643,497.8476395
2021/1/5 09:50,6.088915205001831,480.2239410400392
2021/1/5 10:00,7.181745338439941,840.7576263427738
2021/1/5 10:10,6.849810695648193,721.9381149291992
2021/1/5 10:20,5.817215919494628,479.4695220947268
2021/1/5 10:30,5.854953503608703,471.5359062194825
2021/1/5 10:40,6.787162256240843,694.3491119384768
2021/1/5 10:50,7.562276601791382,851.4005676269533
2021/1/5 11:00,7.131533694267273,685.4113434
2021/1/5 11:10,6.575289893150329,609.2606674194336
2021/1/5 11:20,6.671629285812378,612.1865463256835
2021/1/5 11:30,6.777751040458678,747.8502639770516
2021/1/5 11:40,7.217607998847962,841.6603942871097
2021/1/5 11:50,6.997141289710998,772.1831146240233
2021/1/5 12:00,7.820203612832462,1016.9194192325376
2021/1/5 12:10,7.016576135,881.0725067
2021/1/5 12:20,7.688891363143919,962.3040618896492
2021/1/5 12:30,6.9436627388000485,786.9694824218756
2021/1/5 12:40,6.651451873779297,705.8136672973635
2021/1/5 12:50,8.048447012901303,1073.6589111328133
2021/1/5 13:00,6.992964673042297,824.2730697631841
2021/1/5 13:10,7.798131704330443,1053.0175430297857
2021/1/5 13:20,6.705153059959413,806.0118087768554
2021/1/5 13:30,6.677494955062865,805.0023880004885
2021/1/5 13:40,6.925248718261718,781.0867187500005
2021/1/5 13:50,7.251781702041626,855.0648864746099
2021/1/5 14:00,5.861691617965699,588.6545303344728
2021/1/5 14:10,6.283301818,565.3492355346681
2021/1/5 14:20,5.916692304611206,551.2543472
2021/1/5 14:30,8.210686081334167,1424.3371704101576
2021/1/5 14:40,8.291671502590182,1311.5855488024265
2021/1/5 14:50,7.561682582,1003.0585601806642
2021/1/5 15:00,5.094819081,357.9455451965333
2021/1/5 15:10,4.481848132610321,243.3084365844727
2021/1/5 15:20,4.757167243957519,297.7031692504884
2021/1/5 15:30,7.036883521080017,685.9454177856445
2021/1/5 15:40,6.569516969,677.1677276611329
2021/1/5 15:50,6.332678031921388,489.9620407104492
2021/1/5 16:00,6.695574903,647.6259506225585
2021/1/5 16:10,6.250650405883789,638.1701385498047
2021/1/5 16:20,6.731604719161988,711.0684326171876
2021/1/5 16:30,7.085275983810424,819.6051788330078
2021/1/5 16:40,7.219835615158082,881.8237243652342
2021/1/5 16:50,7.274984741210938,901.8813720703134
2021/1/5 17:00,7.400857090950014,954.5646270751968
2021/1/5 17:10,7.981640648841858,1023.2634582519528
2021/1/5 17:20,7.614270067214965,870.8270629882818
2021/1/5 17:30,6.530145931243895,649.2703231811524
2021/1/5 17:40,7.841530847549438,912.8588470458992
2021/1/5 17:50,6.868206095695496,763.3152496337893
2021/1/5 18:00,8.009985542297361,1020.6133850097658
2021/1/5 18:10,7.898573470115662,1025.1532409667984
2021/1/5 18:20,7.096543478965759,744.2515533447266
2021/1/5 18:30,7.558619666099548,873.8073760986329
2021/1/5 18:40,7.285546827316283,812.9605560302736
2021/1/5 18:50,7.806911778450012,1038.2312316894536
2021/1/5 19:00,7.3007495403289795,843.0924041748046
2021/1/5 19:10,6.749795961380005,664.9956939697266
2021/1/5 19:20,6.788350200653076,739.3670593261719
2021/1/5 19:30,6.936423349380493,732.6012939453125
2021/1/5 19:40,6.735762667655945,650.9642990112305
2021/1/5 19:50,6.381608724594115,577.9150421142579
2021/1/5 20:00,6.724625158309938,695.4993927001954
2021/1/5 20:10,7.345224280106394,798.8806023848688
2021/1/5 20:20,6.528994965553283,640.8106185913086
2021/1/5 20:30,7.183917021751404,751.344873
2021/1/5 20:40,7.038906931877136,792.1831420898437
2021/1/5 20:50,7.499312663078308,958.0368438720708
2021/1/5 21:00,7.638438559,1009.6962463378904
2021/1/5 21:10,8.114288258552552,1180.075347900392
2021/1/5 21:20,7.778826737,1068.4692138671885
2021/1/5 21:30,7.687165093421934,951.4440063476562
2021/1/5 21:40,7.670107113687614,963.8598601
2021/1/5 21:50,6.745248222351075,673.5706558
2021/1/5 22:00,6.307934237,580.5917922973633
2021/1/5 22:10,5.679018115997314,407.1191940307618
2021/1/5 22:20,4.794236576557159,236.9844268798828
2021/1/5 22:30,4.067811667919158,161.99949150085448
2021/1/5 22:40,3.5251740694046028,96.33642396926884
2021/1/5 22:50,4.84777081,217.7377403
2021/1/5 23:00,5.623905992507934,337.7107589721679
2021/1/5 23:10,6.006627583503724,450.33439483642576
2021/1/5 23:20,6.361375641822815,569.4899917602539
2021/1/5 23:30,7.239511799812317,680.0899078369141
2021/1/5 23:40,6.769713521003723,636.8272689819337
2021/1/5 23:50,7.128303885,738.1303009033206
2021/1/6 00:00,6.824658465385437,648.3745269775392
2021/1/6 00:10,6.214342021942139,567.9144882202149
2021/1/6 00:20,6.526507639884949,573.5496688842775
2021/1/6 00:30,6.56823616,558.6854248046876
2021/1/6 00:40,6.945797419548034,695.8216522216798
2021/1/6 00:50,7.747418928146364,830.1718048095703
2021/1/6 01:00,7.779309415817261,926.8982269
2021/1/6 01:10,7.913349151611328,1025.7572082519534
2021/1/6 01:20,8.041467475891114,1197.954644775393
2021/1/6 01:30,7.977018499374388,1035.377890014649
2021/1/6 01:40,7.274687719345091,886.2354888916019
2021/1/6 01:50,8.145046257972718,965.4433410644532
2021/1/6 02:00,7.696650552749634,947.8885162353516
2021/1/6 02:10,6.877802920341493,671.2359008789064
2021/1/6 02:20,6.624146413803101,626.5833953857422
2021/1/6 02:30,7.010803341865538,715.8499786376954
2021/1/6 02:40,7.325059489199989,796.3353560598274
2021/1/6 02:50,7.460609817504883,799.1308013916016
2021/1/6 03:00,7.353429913520813,720.4212921142579
2021/1/6 03:10,7.0863712549209605,752.9529724121095
2021/1/6 03:20,7.047148704528809,706.9346221923829
2021/1/6 03:30,7.148258543014528,768.7514434814453
2021/1/6 03:40,7.280832004547117,736.0484863281251
2021/1/6 03:50,7.188019418716431,735.4445343017579
2021/1/6 04:00,6.8688743829727175,678.4263549804688
2021/1/6 04:10,6.706433868408203,612.5445327758789
2021/1/6 04:20,6.910974097251892,682.0442077636719
2021/1/6 04:30,6.742946457862854,632.1033660888672
2021/1/6 04:40,6.937499904632569,715.3041778564453
2021/1/6 04:50,7.231437182426452,754.9302398681641
2021/1/6 05:00,6.637938309,677.2845611572266
2021/1/6 05:10,7.157075786590577,776.5714233398438
2021/1/6 05:20,6.911475276947021,670.5721848
2021/1/6 05:30,7.074416995048523,733.1972747802736
2021/1/6 05:40,6.766279411315918,724.0077133178711
2021/1/6 05:50,6.046630758988229,463.61712807103214
2021/1/6 06:00,5.220320188999176,301.3136360168458
2021/1/6 06:10,5.057209425502354,279.4739717182362
2021/1/6 06:20,5.9191240787506105,406.25272730777147
2021/1/6 06:30,6.280257534980775,476.0303939819336
2021/1/6 06:40,6.132369995117188,492.9252746582032
2021/1/6 06:50,5.465400910377502,357.8409477233887
2021/1/6 07:00,6.049302864074708,441.5369476318359
2021/1/6 07:10,6.037311553955078,430.92280120849625
2021/1/6 07:20,5.8255318880081175,403.78835601806657
2021/1/6 07:30,5.397907579,323.1116889953613
2021/1/6 07:40,5.103896117,299.69059906005856
2021/1/6 07:50,4.843445670604706,223.20378646850585
2021/1/6 08:00,3.669534647464752,122.10885045528418
2021/1/6 08:10,3.605104207992553,82.28326659
2021/1/6 08:20,4.641708564758301,177.41275901794438
2021/1/6 08:30,5.067328035831452,277.5468627929689
2021/1/6 08:40,4.7510416269302365,211.3396327972412
2021/1/6 08:50,4.8475852608680725,215.09356842041024
2021/1/6 09:00,4.543679821491242,228.00876789093024
2021/1/6 09:10,4.449141180515289,165.04602928161626
2021/1/6 09:20,4.61941489,243.2892028808595
2021/1/6 09:30,5.579832829927144,343.2579246520997
2021/1/6 09:40,5.747866415977478,381.7374023
2021/1/6 09:50,5.486822032928467,321.20113449096687
2021/1/6 10:00,5.5216081619262685,279.0324859619141
2021/1/6 10:10,5.007352554798126,247.18984298706064
2021/1/6 10:20,5.284936261177063,296.05881195068366
2021/1/6 10:30,4.750095009803773,202.6286233901977
2021/1/6 10:40,4.807100391387939,213.04794158935547
2021/1/6 10:50,5.239699447154999,288.4362480163573
2021/1/6 11:00,5.655183792114259,376.4970275878908
2021/1/6 11:10,5.6358231782913215,360.0129608154298
2021/1/6 11:20,6.085703945159912,453.6400985717775
2021/1/6 11:30,5.119841408729554,292.0408821105958
2021/1/6 11:40,5.892746734619141,427.2654006958009
2021/1/6 11:50,5.831731843948365,412.6183425903322
2021/1/6 12:00,5.608127880096435,363.3891708374024
2021/1/6 12:10,5.864624500274658,399.2495956
2021/1/6 12:20,4.553091156482697,189.47965698242197
2021/1/6 12:30,4.119378209114075,142.57723045349124
2021/1/6 12:40,4.903421080112457,223.3590209960938
2021/1/6 12:50,5.371567368507386,327.8009185791017
2021/1/6 13:00,5.537980246543884,368.36442718505873
2021/1/6 13:10,5.511621427536011,399.6636169433595
2021/1/6 13:20,4.995639646053314,258.60586662292496
2021/1/6 13:30,4.454579949378966,175.58437843322756
2021/1/6 13:40,4.17978071,154.27120075225827
2021/1/6 13:50,4.358871674537658,160.62774543762197
2021/1/6 14:00,4.076641509407445,133.62490483334193
2021/1/6 14:10,3.720785713195801,104.84948811531068
2021/1/6 14:20,4.783897280693055,208.37365493774425
2021/1/6 14:30,4.189767265319825,135.26146163940427
2021/1/6 14:40,4.594411182403565,195.3666618347168
2021/1/6 14:50,4.209722006320954,203.37982101440429
2021/1/6 15:00,5.0167638659477225,279.6057685852051
2021/1/6 15:10,4.720691871643067,197.63635330200196
2021/1/6 15:20,5.158488512039184,246.31277389526377
2021/1/6 15:30,5.311294937133789,252.2077705383302
2021/1/6 15:40,5.075180006027222,274.8812294006348
2021/1/6 15:50,5.447024035453796,319.11445465087905
2021/1/6 16:00,5.236358237266541,285.8347991943361
2021/1/6 16:10,5.410010361671448,289.32354354858427
2021/1/6 16:20,5.383447360992432,314.8061294555665
2021/1/6 16:30,5.511737773292943,300.78661627518505
2021/1/6 16:40,5.222343516349792,272.1506698608399
2021/1/6 16:50,5.279478883743286,268.2809196472169
2021/1/6 17:00,5.064733304475484,227.13991104929084
2021/1/6 17:10,5.368403070113238,301.7026645436008
2021/1/6 17:20,6.3908714056015015,431.7055038452149
2021/1/6 17:30,5.962875843048096,400.9141815185548
2021/1/6 17:40,5.385452175140379,299.94828567504885
2021/1/6 17:50,5.518600964546204,321.7911178588868
2021/1/6 18:00,6.310106015205384,456.2587082
2021/1/6 18:10,6.664482617378235,584.4572326660157
2021/1/6 18:20,6.709626698493958,594.6589385986329
2021/1/6 18:30,6.591977572441101,588.2122467041016
2021/1/6 18:40,6.015797543525696,500.06232910156257
2021/1/6 18:50,6.191268825531006,505.47826995849607
2021/1/6 19:00,6.129697060585022,504.1460449
2021/1/6 19:10,6.143600416183473,474.9377593994142
2021/1/6 19:20,6.613380217552185,539.8874039
2021/1/6 19:30,7.157651209831238,680.8613830566408
2021/1/6 19:40,7.049877262115478,716.6225326538085
2021/1/6 19:50,6.327239179611206,546.0491821289063
2021/1/6 20:00,6.453055739402771,560.5143478393554
2021/1/6 20:10,6.367801114132528,551.6374298095703
2021/1/6 20:20,5.992461794898624,439.4951126098634
2021/1/6 20:30,5.5394251723038535,345.7404022216798
2021/1/6 20:40,5.338915944099426,356.5644707930716
2021/1/6 20:50,5.117502546310424,271.76757431030296
2021/1/6 21:00,4.8089381694793705,233.1386840820313
2021/1/6 21:10,4.676791573,189.0315406799317
2021/1/6 21:20,5.199530220031739,212.62116622924813
2021/1/6 21:30,4.904961824417114,225.91894989013676
2021/1/6 21:40,5.380755853652953,275.06804656982433
2021/1/6 21:50,5.437557125091553,305.58991394042977
2021/1/6 22:00,4.690513146551032,199.87352471602583
2021/1/6 22:10,4.876022911071777,216.1169212341308
2021/1/6 22:20,4.822488594055176,201.45001640319848
2021/1/6 22:30,4.307026576995848,137.68421440124516
2021/1/6 22:40,4.197786152362825,143.16794623732568
2021/1/6 22:50,3.3161231875419626,66.7056033
2021/1/6 23:00,2.685363066196442,5.403703027963642
2021/1/6 23:10,3.512203049659729,41.70398752093312
2021/1/6 23:20,3.221788638830186,55.18393572568891
2021/1/6 23:30,3.5311511635780333,82.00889081954953
2021/1/6 23:40,3.725277901,102.06761226654052
2021/1/6 23:50,3.5414162576198587,86.16247367858881
2021/1/7 00:00,2.7537164568901047,9.189911055564885
2021/1/7 00:10,3.091294169425965,28.21615334451196
2021/1/7 00:20,3.142099779844284,56.68137830495833
2021/1/7 00:30,2.942608594894409,41.63869484513996
2021/1/7 00:40,3.5615937054157256,74.32348948717113
2021/1/7 00:50,3.5535004973411555,115.93525180816648
2021/1/7 01:00,3.5960271477699286,101.46152709126474
2021/1/7 01:10,3.272909685969353,75.54526507854465
2021/1/7 01:20,2.957681369781496,46.94300344586375
2021/1/7 01:30,2.4721049606800096,17.093234370835123
2021/1/7 01:40,2.456518894433976,-5.342563573
2021/1/7 01:50,2.827394855649845,22.50601785182954
2021/1/7 02:00,3.0403401196002955,56.39189338684082
2021/1/7 02:10,3.2778995491209493,38.38465492129325
2021/1/7 02:20,2.485237297258879,7.284888073801997
2021/1/7 02:30,2.1858562231063834,-1.141690025
2021/1/7 02:40,1.5586500883102417,-0.878309498
2021/1/7 02:50,1.622249922156334,-0.711155514
2021/1/7 03:00,2.434368735551833,-1.207844034
2021/1/7 03:10,2.851541543006897,5.207860526442531
2021/1/7 03:20,2.301868194341659,12.688108444213867
2021/1/7 03:30,2.440121716260909,16.71461281776428
2021/1/7 03:40,2.298935335874557,15.019578063488009
2021/1/7 03:50,2.3734855932347925,29.42859139161952
2021/1/7 04:00,2.367426037788392,45.389795805278574
2021/1/7 04:10,2.856775629520416,56.06374702453614
2021/1/7 04:20,3.016722804621647,59.45328893661499
2021/1/7 04:30,2.272056841850282,39.62134933
2021/1/7 04:40,2.5529445767402645,28.75911655426025
2021/1/7 04:50,2.4907416880130784,29.89504623413085
2021/1/7 05:00,2.302035313844681,27.268472862243648
2021/1/7 05:10,2.610432738,36.86295194625855
2021/1/7 05:20,2.6808925433592363,56.13398551940919
2021/1/7 05:30,4.624228821860418,129.57666778564462
2021/1/7 05:40,4.676624548435211,160.01520819413037
2021/1/7 05:50,4.642896545,149.9298676
2021/1/7 06:00,4.112770056724549,140.0450717926025
2021/1/7 06:10,3.232183575630187,125.9443393707276
2021/1/7 06:20,2.511735814809798,70.07271013259887
2021/1/7 06:30,2.5366280674934387,39.738168764114384
2021/1/7 06:40,2.6130499720573432,72.42132664
2021/1/7 06:50,3.040414375066756,94.16927795
2021/1/7 07:00,4.979169795,230.2371737831517
2021/1/7 07:10,5.1513604640960695,207.39461593627925
2021/1/7 07:20,3.8964983940124505,129.46245193481462
2021/1/7 07:30,5.278662085533141,244.7313392639161
2021/1/7 07:40,4.591775262355804,194.0856845855714
2021/1/7 07:50,4.339510929584503,209.06034545898456
2021/1/7 08:00,4.008615911006928,159.4716165542603
2021/1/7 08:10,3.176997256278992,124.15969009399409
2021/1/7 08:20,3.4859700977802275,146.2367805480958
2021/1/7 08:30,3.2451401948928837,125.45027770996096
2021/1/7 08:40,2.4707313060760496,68.84723987579346
2021/1/7 08:50,2.277959692,47.26791012
2021/1/7 09:00,2.740388739,42.42228527069092
2021/1/7 09:10,3.016932821273804,44.55806636810304
2021/1/7 09:20,2.741056883335113,50.66334943771362
2021/1/7 09:30,4.011919975280762,90.0348711
2021/1/7 09:40,4.935274398326873,174.44523239135748
2021/1/7 09:50,5.947320508956909,297.9651992797852
2021/1/7 10:00,4.972863423824311,269.4926162719726
2021/1/7 10:10,5.038574779033661,229.9140388488769
2021/1/7 10:20,4.694834375381471,212.6350414276122
2021/1/7 10:30,3.640001666545868,128.9657394
2021/1/7 10:40,5.302681922912598,214.0985488891602
2021/1/7 10:50,5.970950579643249,319.7215774536133
2021/1/7 11:00,5.528773212432862,234.9340476989746
2021/1/7 11:10,5.036050212,173.75531921386718
2021/1/7 11:20,4.766244328022004,150.68700790405268
2021/1/7 11:30,5.394622087478638,233.9464401245118
2021/1/7 11:40,4.658860254287719,186.7191444396973
2021/1/7 11:50,5.091496455669403,193.3392974853516
2021/1/7 12:00,4.7093131065368645,171.0118595123291
2021/1/7 12:10,4.824140775203705,134.40563774108875
2021/1/7 12:20,5.185868191719055,180.46987075805663
2021/1/7 12:30,4.565175295,190.82365837097169
2021/1/7 12:40,3.901955783367158,123.62670440673833
2021/1/7 12:50,4.054558098316192,140.36951885223397
2021/1/7 13:00,4.166025901,137.06314029693613
2021/1/7 13:10,4.641095995903016,213.96036682128903
2021/1/7 13:20,4.251524710655212,186.19366264343265
2021/1/7 13:30,3.506574440002442,88.95606465339657
2021/1/7 13:40,3.0264925539493537,35.481295359134705
2021/1/7 13:50,2.940453261137008,0.019875026
2021/1/7 14:00,3.915729141235352,79.99003381729128
2021/1/7 14:10,2.9243615925312048,23.519611018896107
2021/1/7 14:20,2.323041458427906,11.437801828980444
2021/1/7 14:30,4.6536394536495225,140.19155803024768
2021/1/7 14:40,4.952017688751221,206.2070098876952
2021/1/7 14:50,4.048803603649139,99.96555328369136
2021/1/7 15:00,4.503325021266937,139.79112739562993
2021/1/7 15:10,4.813151812553407,159.34677543640137
2021/1/7 15:20,3.1365309953689566,34.74395903050899
2021/1/7 15:30,2.815595132112505,-0.703231105
2021/1/7 15:40,2.772854489088058,13.41715165
2021/1/7 15:50,2.578524529933929,-2.389620498
2021/1/7 16:00,2.8834312796592707,-1.915265015
2021/1/7 16:10,3.8498155951499946,85.18459537029267
2021/1/7 16:20,2.728378701210021,13.021257597580554
2021/1/7 16:30,2.7015028536319727,-4.824538553
2021/1/7 16:40,2.954763211702045,41.80031439065933
2021/1/7 16:50,3.172486615180969,52.70194664001466
2021/1/7 17:00,3.7751738548278793,86.11797091835425
2021/1/7 17:10,2.657952606678008,7.712564432621002
2021/1/7 17:20,3.185591685771942,39.34816832542418
2021/1/7 17:30,2.723676890134812,3.192664051055916
2021/1/7 17:40,2.8654158771038056,-7.073834646
2021/1/7 17:50,3.472333872318268,36.49150224924085
2021/1/7 18:00,3.952687001228333,110.49157676696782
2021/1/7 18:10,4.490628242492675,174.32304344177248
2021/1/7 18:20,5.096211338043213,239.8751037597657
2021/1/7 18:30,4.870639801025392,229.96363372802745
2021/1/7 18:40,5.277956759929657,301.82426071167004
2021/1/7 18:50,6.219353914260863,481.1368164062501
2021/1/7 19:00,6.1467373847961415,470.9932861328125
2021/1/7 19:10,6.094762420654297,516.1222579956055
2021/1/7 19:20,5.991629099845886,463.4016799926759
2021/1/7 19:30,6.0967299938201895,433.84603271484383
2021/1/7 19:40,6.325364399,440.2446594238282
2021/1/7 19:50,5.932656061649322,352.2042007
2021/1/7 20:00,3.5107509970664976,175.50164489746095
2021/1/7 20:10,4.338787078857423,242.4360977172852
2021/1/7 20:20,4.322804701328279,206.6359893798829
2021/1/7 20:30,3.755033493041992,155.59070281982423
2021/1/7 20:40,3.124483954906463,90.23281908035275
2021/1/7 20:50,3.4141146898269645,91.18095474243162
2021/1/7 21:00,2.543106400966645,6.540934057533742
2021/1/7 21:10,2.3774360775947576,-3.715362974
2021/1/7 21:20,2.912667214870453,27.444551563262923
2021/1/7 21:30,3.299621045589446,73.00506362915038
2021/1/7 21:40,2.8640706181526188,32.87425358295441
2021/1/7 21:50,3.614849603176117,115.8018375
2021/1/7 22:00,3.3519674777984627,91.57782812118523
2021/1/7 22:10,3.494638872146606,88.56396369934086
2021/1/7 22:20,3.825756645202636,140.8646374
2021/1/7 22:30,3.870009684562684,160.2094570159913
2021/1/7 22:40,3.867336583137511,146.27570037841798
2021/1/7 22:50,5.216459226608276,233.48661727905264
2021/1/7 23:00,5.730343461036683,315.67738800048835
2021/1/7 23:10,4.634079301,203.0463439941406
2021/1/7 23:20,4.148521482944489,131.30798263549815
2021/1/7 23:30,4.103804326057434,132.6593433380127
2021/1/7 23:40,3.996791529655456,105.74797210693356
2021/1/7 23:50,3.390911483764649,75.78095531463624
2021/1/8 00:00,3.835112154483794,111.92196502685545
2021/1/8 00:10,3.962989199,107.9925632476806
2021/1/8 00:20,4.025377798080445,115.94859313964848
2021/1/8 00:30,3.743654751777649,98.95345039367676
2021/1/8 00:40,3.730066943168641,106.58885993957524
2021/1/8 00:50,4.141727542877197,137.15814666748048
2021/1/8 01:00,4.177720272541047,142.9619770050049
2021/1/8 01:10,4.463304257392883,157.03282928466805
2021/1/8 01:20,4.095172762870788,116.40157623291016
2021/1/8 01:30,4.638218748569489,147.68902053833006
2021/1/8 01:40,4.413779485225676,133.1720989227295
2021/1/8 01:50,3.4014735698699945,60.25522229820492
2021/1/8 02:00,2.7760843694210053,17.39219012260438
2021/1/8 02:10,2.8976688504219066,7.992979893088338
2021/1/8 02:20,2.8013850867748262,8.786544609069825
2021/1/8 02:30,3.181460104490581,27.67646955
2021/1/8 02:40,3.341906583309173,35.20637054
2021/1/8 02:50,2.8403106391429898,14.527158157527444
2021/1/8 03:00,3.064174354076385,31.596984833478928
2021/1/8 03:10,2.9394715309143065,14.461694073677055
2021/1/8 03:20,2.3614056974649427,-6.441624501
2021/1/8 03:30,1.5531750798225403,-1.41697604
2021/1/8 03:40,1.7924605419761264,-1.181169029
2021/1/8 03:50,1.7254311949014656,-0.82905903
2021/1/8 04:00,1.8542438209056848,-1.52581002
2021/1/8 04:10,1.794543781876564,-0.913352032
2021/1/8 04:20,1.4296874701976772,-0.289157009
2021/1/8 04:30,1.8650625884532928,-0.139777003
2021/1/8 04:40,2.267268723249436,-2.305787034
2021/1/8 04:50,1.6789312161505223,-1.565822542
2021/1/8 05:00,2.626612567901611,-1.769086033
2021/1/8 05:10,3.1453312516212466,-2.531457555
2021/1/8 05:20,2.634972321987152,2.1932764999568493
2021/1/8 05:30,2.141822314262392,-7.162854473
2021/1/8 05:40,1.9019414484500885,-1.298539022
2021/1/8 05:50,1.315518815070391,-0.433202017
2021/1/8 06:00,2.444737499952317,-0.971503532
2021/1/8 06:10,2.3877236278433545,-1.864442132
2021/1/8 06:20,2.0460562407970437,-2.081183547
2021/1/8 06:30,1.778756207227706,-1.565822525
2021/1/8 06:40,2.215218788385392,-1.938205522
2021/1/8 06:50,2.109356281161307,-1.85231204
2021/1/8 07:00,1.833037598,-1.667721052
2021/1/8 07:10,2.3871748447418204,-3.126843554
2021/1/8 07:20,2.399718785285951,-1.999024531
2021/1/8 07:30,2.0159062266349794,-2.767264539
2021/1/8 07:40,1.724793773889542,-1.495400518
2021/1/8 07:50,1.0254937276244165,-0.569778011
2021/1/8 08:00,2.061300125718116,-1.84057502
2021/1/8 08:10,1.9876124531030652,-1.753081012
2021/1/8 08:20,1.7400986395384137,-1.034428432
2021/1/8 08:30,2.4528564631938936,-2.100923052
2021/1/8 08:40,2.358262407779693,-1.837907524
2021/1/8 08:50,1.9727367852863504,-0.745215274
2021/1/8 09:00,1.589493662118912,-0.966702014
2021/1/8 09:10,1.3031626015901565,-1.598899528
2021/1/8 09:20,1.5932997882366182,-0.978972519
2021/1/8 09:30,1.5621186435222625,-0.94216102
2021/1/8 09:40,1.3751438617706295,-1.701331533
2021/1/8 09:50,1.3207125961780544,-0.660473012
2021/1/8 10:00,1.469981282949448,-0.952831022
2021/1/8 10:10,1.6968559145927429,-1.557820017
2021/1/8 10:20,1.892793858,-1.010982531
2021/1/8 10:30,2.0451378285884863,-0.70101901
2021/1/8 10:40,2.0020502388477324,-1.943007004
2021/1/8 10:50,1.967287546396256,-0.970436515
2021/1/8 11:00,2.0092503070831293,-1.235052509
2021/1/8 11:10,2.1253619946931543,-1.555012129
2021/1/8 11:20,2.1030187964439397,-1.216913506
2021/1/8 11:30,2.073918908834457,-1.056330013
2021/1/8 11:40,1.5743811547756197,-1.880587534
2021/1/8 11:50,1.6990687549114214,-1.347087517
2021/1/8 12:00,2.3206313908100125,-1.006714518
2021/1/8 12:10,2.1031688570976264,-1.494867036
2021/1/8 12:20,2.280768775939942,-1.012049507
2021/1/8 12:30,2.441793531179428,-4.300009996
2021/1/8 12:40,2.054849946498871,-2.727785558
2021/1/8 12:50,1.6815562605857846,-1.186504029
2021/1/8 13:00,1.928812456130982,-1.27773252
2021/1/8 13:10,1.595475018024444,-1.539147521
2021/1/8 13:20,2.0268562436103807,-1.844309524
2021/1/8 13:30,2.1319125115871427,-2.597078007
2021/1/8 13:40,2.341668766736985,-2.386345541
2021/1/8 13:50,2.093756324052811,-1.99102207
2021/1/8 14:00,2.4405186355113995,-2.152672532
2021/1/8 14:10,1.8861749768257148,-2.080116522
2021/1/8 14:20,2.084662461280823,-2.278045034
2021/1/8 14:30,2.2625625371932987,-2.185215992
2021/1/8 14:40,2.2506316523802914,-2.353268559
2021/1/8 14:50,2.830549932661511,-1.332057476
2021/1/8 15:00,3.110609958046361,37.874196836822925
2021/1/8 15:10,3.0882870316505424,16.120515137910846
2021/1/8 15:20,3.360394811630249,34.94493656903506
2021/1/8 15:30,3.236527276039123,35.77829948365689
2021/1/8 15:40,3.4163792252540595,58.14078817367552
2021/1/8 15:50,2.6816777169704435,0.3346033394336689
2021/1/8 16:00,3.000442206859589,-1.434581527
2021/1/8 16:10,2.702833698855505,7.208778242
2021/1/8 16:20,2.4843718767166134,5.831992019712923
2021/1/8 16:30,3.272222841,41.35549720525741
2021/1/8 16:40,3.0210722684860234,22.631115707755093
2021/1/8 16:50,2.9453001320362096,27.440908896923062
2021/1/8 17:00,2.416603058576584,1.7084365665912684
2021/1/8 17:10,2.7571135282516472,10.63741306364536
2021/1/8 17:20,2.844765663146973,16.063754034042354
2021/1/8 17:30,3.377992045879364,53.51894259601835
2021/1/8 17:40,3.045211365348416,35.85303630366136
2021/1/8 17:50,2.7010361790657056,12.288767588138578
2021/1/8 18:00,3.150248658657074,33.45643630102276
2021/1/8 18:10,2.9866202592849715,36.68056273460388
2021/1/8 18:20,2.953096413612365,18.579440134763733
2021/1/8 18:30,2.979956269264222,20.514197301864623
2021/1/8 18:40,3.0669030785560603,12.756524986028674
2021/1/8 18:50,3.103471183776855,34.33941785097123
2021/1/8 19:00,3.985895383,81.06460456848143
2021/1/8 19:10,4.333942162990569,115.13016738891604
2021/1/8 19:20,3.957698917388916,89.00410690307622
2021/1/8 19:30,3.595210456848142,53.39817085266113
2021/1/8 19:40,4.001283717155457,83.66340370178222
2021/1/8 19:50,2.992376616126612,27.670891837069863
2021/1/8 20:00,2.133992052078248,2.487291501462455
2021/1/8 20:10,2.5328999787569053,-3.055888015
2021/1/8 20:20,2.125952285528183,-2.663765562
2021/1/8 20:30,2.194677710533142,3.4717724561691226
2021/1/8 20:40,2.122350102663039,-1.683726031
2021/1/8 20:50,3.1248374819755544,-1.138489032
2021/1/8 21:00,2.9781921625137326,-2.31912452
2021/1/8 21:10,2.5034198343753813,1.1754005551338245
2021/1/8 21:20,2.665860366821289,3.3718425393104496
2021/1/8 21:30,2.382630113,-2.901273113
2021/1/8 21:40,2.7411937952041625,-1.535946503
2021/1/8 21:50,2.9016672313213348,-1.904061538
2021/1/8 22:00,2.470623803138733,6.017737704515453
2021/1/8 22:10,2.282777398824691,-1.927002025
2021/1/8 22:20,2.2679269999265665,-1.043526039
2021/1/8 22:30,2.5153875231742857,-2.348467025
2021/1/8 22:40,2.4753187417984006,-2.110526034
2021/1/8 22:50,2.0511938095092765,-1.901927543
2021/1/8 23:00,2.152087670564652,-1.711468035
2021/1/8 23:10,2.4411562025547022,-1.944074044
2021/1/8 23:20,2.877344965934753,-3.453897548
2021/1/8 23:30,2.399312049150467,-3.172191072
2021/1/8 23:40,3.426491510868073,22.202828669548023
2021/1/8 23:50,3.1780182361602782,35.44797296524048
2021/1/9 00:00,3.596528315544129,64.93377456665038
2021/1/9 00:10,3.1761247634887697,30.27861890792848
2021/1/9 00:20,2.9230808138847357,29.11931113004685
2021/1/9 00:30,3.3422034621238708,48.47366748
2021/1/9 00:40,3.200367426872254,38.109779548645015
2021/1/9 00:50,3.5436251401901253,57.787614250183104
2021/1/9 01:00,3.437614667415617,45.32262182235719
2021/1/9 01:10,3.4715842127799994,51.32279245257378
2021/1/9 01:20,3.532357716560364,55.51737728118896
2021/1/9 01:30,3.548692786693574,57.08122065067291
2021/1/9 01:40,2.6901029169559494,8.416295103728777
2021/1/9 01:50,2.304615443944932,-12.88230009
2021/1/9 02:00,2.664693802595139,-2.123863542
2021/1/9 02:10,2.543651068210602,-1.100092009
2021/1/9 02:20,2.676255262,27.772114169597625
2021/1/9 02:30,1.864442947506904,-2.730388939
2021/1/9 02:40,1.9303212016820912,-13.83835303
2021/1/9 02:50,2.1325657932381885,-0.994556345
2021/1/9 03:00,2.3164098322391498,-5.776342124
2021/1/9 03:10,2.404571503400803,-1.968084073
2021/1/9 03:20,1.798648104071617,-1.132087025
2021/1/9 03:30,2.3584500014781944,-1.095809036
2021/1/9 03:40,2.4795750081539154,-1.226516533
2021/1/9 03:50,2.623893773555756,-1.215313026
2021/1/9 04:00,2.4122062087059017,-1.89019056
2021/1/9 04:10,2.294268763065339,-1.92753554
2021/1/9 04:20,2.375782841130308,-1.991555542
2021/1/9 04:30,2.9219062685966493,-2.384211552
2021/1/9 04:40,2.7830438256263736,-1.93969374
2021/1/9 04:50,3.369274640083313,33.91286079883578
2021/1/9 05:00,3.2533262610435494,38.55578947067261
2021/1/9 05:10,2.767322897911072,11.693574504554276
2021/1/9 05:20,2.7736898124217984,20.22793899476528
2021/1/9 05:30,2.5307623863220217,10.35130967907607
2021/1/9 05:40,1.922268444299697,-6.20633554
2021/1/9 05:50,1.9341118900399457,-1.019265802
2021/1/9 06:00,2.0850562453269963,-1.045126522
2021/1/9 06:10,2.250187445,-1.21104503
2021/1/9 06:20,2.264718717336654,-1.038191018
2021/1/9 06:30,2.2799013351139266,-1.429780041
2021/1/9 06:40,2.3127938449382777,-1.376430041
2021/1/9 06:50,2.1104999601840966,-2.202821571
2021/1/9 07:00,2.485706257820129,-1.968615052
2021/1/9 07:10,2.2915125608444216,-1.891257519
2021/1/9 07:20,2.3319938123226165,-1.578093044
2021/1/9 07:30,2.2106875578562413,-2.045083384
2021/1/9 07:40,2.1543000400066377,-2.062511051
2021/1/9 07:50,2.1631875634193416,-2.299385011
2021/1/9 08:00,1.989956343,-1.547683535
2021/1/9 08:10,2.0044934373152885,-1.113611075
2021/1/9 08:20,1.6947374761104572,-1.131553515
2021/1/9 08:30,2.0025375664234164,-1.553552017
2021/1/9 08:40,1.7547185242176062,-0.93149103
2021/1/9 08:50,1.5981561303138736,-0.662073515
2021/1/9 09:00,1.7431686818599696,-1.861381529
2021/1/9 09:10,1.7726061284542076,-1.512472527
2021/1/9 09:20,1.9673813879489903,-2.123330062
2021/1/9 09:30,1.7809501171112054,-2.705378538
2021/1/9 09:40,1.430268689990043,-2.153739553
2021/1/9 09:50,1.5651935219764712,-1.382832025
2021/1/9 10:00,1.3849687129259114,-1.769619538
2021/1/9 10:10,1.2986999720335013,-0.743165519
2021/1/9 10:20,1.420593690872192,-1.208911028
2021/1/9 10:30,1.4772562384605412,-1.691195011
2021/1/9 10:40,1.3137186706066126,-1.169432018
2021/1/9 10:50,1.226568725705146,-0.702086009
2021/1/9 11:00,0.4305187501013279,-1.594098008
2021/1/9 11:10,0.3491065189242363,-0.714890024
2021/1/9 11:20,0.6522935628890992,-0.68127951
2021/1/9 11:30,0.5218224368597331,-1.49059953
2021/1/9 11:40,0.4144822217169261,-0.57191201
2021/1/9 11:50,0.8271561920642855,-0.654604514
2021/1/9 12:00,1.1346940577030185,-1.558353497
2021/1/9 12:10,1.0897107406666406,-0.69621751
2021/1/9 12:20,1.2937500625848777,-0.87325528
2021/1/9 12:30,1.4541749417781829,-1.331082515
2021/1/9 12:40,1.5315186560153953,-0.543103
2021/1/9 12:50,1.421512508392334,-0.876540514
2021/1/9 13:00,1.2856313318014152,-1.623440533
2021/1/9 13:10,1.1130375772714616,-0.908550514
2021/1/9 13:20,1.386286854743958,-0.709241194
2021/1/9 13:30,2.469860083916608,-1.717870026
2021/1/9 13:40,2.2162499547004697,-3.315702477
2021/1/9 13:50,2.411287522315978,-0.795982029
2021/1/9 14:00,2.4083625376224527,-2.922513042
2021/1/9 14:10,1.6751812398433683,-2.377276023
2021/1/9 14:20,2.3383123934268943,-2.26310702
2021/1/9 14:30,2.1151874125003807,-2.31005505
2021/1/9 14:40,1.7724375784397122,-1.609569544
2021/1/9 14:50,1.6865625046193589,-0.767173014
2021/1/9 15:00,1.7655562430620195,-1.421777518
2021/1/9 15:10,2.275462538003921,-2.295117038
2021/1/9 15:20,2.4685687184333807,-2.235898542
2021/1/9 15:30,2.5705687463283544,-2.470105031
2021/1/9 15:40,2.5769250035285958,-2.171878541
2021/1/9 15:50,2.487374933142411,-2.180049526
2021/1/9 16:00,2.952112460136415,-3.357315552
2021/1/9 16:10,2.665462422,-2.642959034
2021/1/9 16:20,2.4983030319213877,-2.294583535
2021/1/9 16:30,2.5784309029579164,-0.588936052
2021/1/9 16:40,2.880972534418106,-5.008599615
2021/1/9 16:50,2.8382106661796573,11.368538534641267
2021/1/9 17:00,3.731899106502533,36.52658841013907
2021/1/9 17:10,3.745940780639648,33.99807570576668
2021/1/9 17:20,3.4415326595306395,29.77097168
2021/1/9 17:30,2.345450073480606,-1.678969019
2021/1/9 17:40,3.264974534511566,1.9549810886383088
2021/1/9 17:50,3.633040761947631,52.21540488749743
2021/1/9 18:00,3.4739601492881773,48.00579130649565
2021/1/9 18:10,4.145328629016876,74.58754611015323
2021/1/9 18:20,3.798432743549348,39.95173066221179
2021/1/9 18:30,3.952925134,8.381120045483119
2021/1/9 18:40,4.021087598800659,-0.309963512
2021/1/9 18:50,4.219331336021424,-0.253946011
2021/1/9 19:00,4.848337554931641,-0.63273102
2021/1/9 19:10,4.373400032520294,-0.202730009
2021/1/9 19:20,4.027331191301347,-0.770374016
2021/1/9 19:30,4.673943758010865,-1.754148053
2021/1/9 19:40,5.613825130462645,-1.020585524
2021/1/9 19:50,5.289197444915772,-0.917620019
2021/1/9 20:00,5.776556348800659,-1.826170531
2021/1/9 20:10,6.1498499631881725,-0.969369521
2021/1/9 20:20,6.260362529754639,-0.999245518
2021/1/9 20:30,5.874168777,-1.382298519
2021/1/9 20:40,5.852324986457825,-1.262794515
2021/1/9 20:50,5.799056196212769,-0.967769019
2021/1/9 21:00,5.517600011825563,-1.687460522
2021/1/9 21:10,5.308874983536571,-1.183302995
2021/1/9 21:20,5.988232113066173,-0.961367007
2021/1/9 21:30,6.535218739509583,-2.393281057
2021/1/9 21:40,5.507156229019165,-2.359670514
2021/1/9 21:50,5.556881260871888,-2.456234056
2021/1/9 22:00,5.339887619018555,-2.870230025
2021/1/9 22:10,5.670352963840259,-2.552640603
2021/1/9 22:20,6.185831260681153,-0.746900025
2021/1/9 22:30,6.283162474632263,-1.897126035
2021/1/9 22:40,6.469368624687195,-1.228117041
2021/1/9 22:50,6.325443673133851,-1.473527014
2021/1/9 23:00,5.791706347465515,-1.795761031
2021/1/9 23:10,5.966981160640716,-1.71146799
2021/1/9 23:20,6.436631393432618,-1.055796524
2021/1/9 23:30,5.493131184577942,-2.027300017
2021/1/9 23:40,4.791937458515168,-1.120350022
2021/1/9 23:50,5.662462484836579,-0.90908402
2021/1/10 00:00,4.955400025844574,-2.259906052
2021/1/10 00:10,5.244224953651429,-1.968615012
2021/1/10 00:20,4.4882625341415405,-1.406839509
2021/1/10 00:30,5.143350017,-2.777934544
2021/1/10 00:40,5.503724956512451,-1.01151601
2021/1/10 00:50,6.1575750589370735,-2.020897985
2021/1/10 01:00,5.617987466,-2.180414528
2021/1/10 01:10,4.936631214618681,-1.564755537
2021/1/10 01:20,5.781112480163573,-2.123329985
2021/1/10 01:30,5.607187497615814,-2.67710304
2021/1/10 01:40,5.345587587356569,-1.496467527
2021/1/10 01:50,5.241132343516632,-1.284793551
2021/1/10 02:00,5.306493735313416,-2.715515053
2021/1/10 02:10,5.213718783855439,-2.019831035
2021/1/10 02:20,4.895156252384185,-1.332683018
2021/1/10 02:30,5.313881206512451,-2.238566023
2021/1/10 02:40,6.033337473869323,-1.845376541
2021/1/10 02:50,5.987486814197741,-2.192404229
2021/1/10 03:00,6.273975014686583,-2.390080014
2021/1/10 03:10,5.74100616,-1.57009052
2021/1/10 03:20,6.113793849945068,-2.229496512
2021/1/10 03:30,5.799468731880188,-2.603480037
2021/1/10 03:40,6.093927684583163,-1.445504225
2021/1/10 03:50,5.659085625,-3.917574763
2021/1/10 04:00,5.342381191253663,-4.071672022
2021/1/10 04:10,4.932018685340882,-2.720316565
2021/1/10 04:20,4.503618764877319,-2.407152045
2021/1/10 04:30,3.950062525272371,-3.613929093
2021/1/10 04:40,5.131499969959259,-1.318278515
2021/1/10 04:50,6.382293748855592,-1.41750951
2021/1/10 05:00,6.121687459945679,-2.699510059
2021/1/10 05:10,6.172837424278259,-1.358290999
2021/1/10 05:20,6.364443802833557,-1.686927032
2021/1/10 05:30,6.2271617721108825,-3.059779427
2021/1/10 05:40,7.0488187074661255,-1.378564017
2021/1/10 05:50,6.565706253051758,-1.938205548
2021/1/10 06:00,6.697162485,-2.733120534
2021/1/10 06:10,6.983699941635132,-1.641579507
2021/1/10 06:20,7.181999969482422,-2.103590542
2021/1/10 06:30,7.559362554550171,-2.518653527
2021/1/10 06:40,7.633462572097779,-1.671989039
2021/1/10 06:50,8.324268865585328,-2.045439032
2021/1/10 07:00,8.554387497901917,-2.46690404
2021/1/10 07:10,8.492006254196166,-1.816567516
2021/1/10 07:20,9.119643855094912,-2.140402056
2021/1/10 07:30,9.073762583732604,-2.863294536
2021/1/10 07:40,9.521756387,-2.31805755
2021/1/10 07:50,9.131081199645996,-1.586629
2021/1/10 08:00,8.742749929,-3.053754009
2021/1/10 08:10,8.097750067710876,-1.647981504
2021/1/10 08:20,8.171099925041199,-1.814433526
2021/1/10 08:30,8.101518726348875,-2.459968528
2021/1/10 08:40,7.790006279945373,-1.98195253
2021/1/10 08:50,8.299087429046631,-1.740276995
2021/1/10 09:00,8.621099996566773,-2.6989765
2021/1/10 09:10,8.972681188583376,-1.938205528
2021/1/10 09:20,8.048268818855288,-1.540747996
2021/1/10 09:30,7.336424946784973,-2.677103019
2021/1/10 09:40,6.917212557792664,-1.254792011
2021/1/10 09:50,7.470656180381775,-2.56400103
2021/1/10 10:00,6.351918792724609,-2.387946004
2021/1/10 10:10,7.584450054168701,-1.414308525
2021/1/10 10:20,8.544899988,-1.356157011
2021/1/10 10:30,8.786493730545043,-2.733120514
2021/1/10 10:40,9.058181166648865,-1.67198904
2021/1/10 10:50,9.382424974,-1.12035002
2021/1/10 11:00,10.085531330108653,-2.568269043
2021/1/10 11:10,9.862781190872193,-1.800029018
2021/1/10 11:20,9.881400061,-1.424978526
2021/1/10 11:30,9.554137611,-2.60721454
2021/1/10 11:40,9.288131213188176,-1.190238523
2021/1/10 11:50,9.443868589401246,-1.500202002
2021/1/10 12:00,8.957774925231934,-1.950476053
2021/1/10 12:10,7.712550020217895,-1.852845542
2021/1/10 12:20,8.259731125831603,-1.609569535
2021/1/10 12:30,7.628212475776673,-2.003292552
2021/1/10 12:40,7.071000051498413,-1.577559519
2021/1/10 12:50,5.534737491607666,-0.945895515
2021/1/10 13:00,5.8403486703571525,-2.535528986
2021/1/10 13:10,5.329425096511843,-1.322546532
2021/1/10 13:20,5.915287530422211,-1.198241027
2021/1/10 13:30,7.216818761825562,-2.225762024
2021/1/10 13:40,6.218850088119506,-1.026454021
2021/1/10 13:50,5.909943723678589,-1.132620525
2021/1/10 14:00,6.079087555408478,-2.231630533
2021/1/10 14:10,5.334552664505808,-1.389346348
2021/1/10 14:20,4.148943764,-1.176367507
2021/1/10 14:30,4.007231265306473,-2.127598021
2021/1/10 14:40,3.7132312297821057,-1.559420516
2021/1/10 14:50,4.0546312570571885,-0.897347011
2021/1/10 15:00,4.416262555122376,-1.996890542
2021/1/10 15:10,4.540012395381928,-1.770686525
2021/1/10 15:20,5.551106250286102,-1.165164027
2021/1/10 15:30,5.385525023937225,-2.333529005
2021/1/10 15:40,5.138981271,-1.049394524
2021/1/10 15:50,5.370000052452087,-0.861602514
2021/1/10 16:00,5.203781235218048,-2.586408029
2021/1/10 16:10,5.361956286,-1.151826531
2021/1/10 16:20,5.5538249731063845,-1.309742526
2021/1/10 16:30,5.290200090408327,-2.335662996
2021/1/10 16:40,6.208874940872193,-1.025387013
2021/1/10 16:50,7.197434224580464,-1.352843696
2021/1/10 17:00,5.284312510490417,-1.999024499
2021/1/10 17:10,5.562749981880189,-1.030188521
2021/1/10 17:20,7.118831300735474,-1.566889526
2021/1/10 17:30,7.416093635559082,-2.955590016
2021/1/10 17:40,6.766950058937074,-1.050995027
2021/1/10 17:50,6.200437521934509,-1.341752521
2021/1/10 18:00,6.031612467765807,-1.953677
2021/1/10 18:10,6.1677562,-1.387100018
2021/1/10 18:20,5.002687621116638,-1.402038013
2021/1/10 18:30,6.868499970436096,-1.969682032
2021/1/10 18:40,6.883275008201599,-1.703999017
2021/1/10 18:50,7.239246129989622,310.12202042937287
2021/1/10 19:00,7.405441975593566,603.2989791870117
2021/1/10 19:10,6.318923234939575,568.0126525878907
2021/1/10 19:20,6.491238903999329,536.7176925659181
2021/1/10 19:30,6.108647179603577,469.2769363403322
2021/1/10 19:40,6.012827563285828,427.19767608642576
2021/1/10 19:50,6.728950285911561,616.7007751464844
2021/1/10 20:00,7.269713092,888.3781677246104
2021/1/10 20:10,8.353948569297792,1299.9710205078138
2021/1/10 20:20,8.361373758,1329.5277099609389
2021/1/10 20:30,7.759466075897217,1067.4331146240254
2021/1/10 20:40,7.828611302375795,1108.6202697753934
2021/1/10 20:50,7.565172386169434,881.9549743652344
2021/1/10 21:00,7.320388603210449,898.4817230224613
2021/1/10 21:10,8.005753303,1061.3486938476574
2021/1/10 21:20,7.721208763122556,1081.2622985839855
2021/1/10 21:30,7.041542768478395,795.0498413085941
2021/1/10 21:40,6.950939154624939,735.7881195
2021/1/10 21:50,6.414074588,636.3283996582034
2021/1/10 22:00,6.322134613990783,531.5317459106445
2021/1/10 22:10,6.426455760002137,607.8884125
2021/1/10 22:20,6.913610005378724,720.1892059326173
2021/1/10 22:30,6.187686419486999,610.4872482299807
2021/1/10 22:40,5.460611784458161,373.32309265136735
2021/1/10 22:50,5.651842653751372,367.6003875732422
2021/1/10 23:00,5.652770686149597,438.2636962890626
2021/1/10 23:10,5.646997797489165,427.0760605
2021/1/10 23:20,5.898668217658998,533.8280807495119
2021/1/10 23:30,7.494653344154358,943.6261169
2021/1/10 23:40,8.124028532128586,1154.430712
2021/1/10 23:50,8.040465164,1072.3976196289073
2021/1/11 00:00,7.669604921340943,1021.1768066406248
2021/1/11 00:10,7.195054626464843,837.1525512695313
2021/1/11 00:20,7.542489027976989,981.0209259033214
2021/1/11 00:30,7.773053812980651,1060.5958892822273
2021/1/11 00:40,7.843034410476683,1156.4136993408208
2021/1/11 00:50,8.235909700393679,1372.4984863281252
2021/1/11 01:00,9.051545953750606,1654.059075927736
2021/1/11 01:10,8.509483885765075,1454.0170867919942
2021/1/11 01:20,8.473528218269347,1231.6600616455094
2021/1/11 01:30,9.097822284698482,1539.4411499023463
2021/1/11 01:40,9.652376937866215,1783.794696044922
2021/1/11 01:50,9.305165529,1569.5078796386729
2021/1/11 02:00,8.435753655433654,1388.5157165527344
2021/1/11 02:10,8.681298351,1404.8770629882822
2021/1/11 02:20,8.308414841,1263.4426574707047
2021/1/11 02:30,9.171701002120972,1556.7676391601576
2021/1/11 02:40,9.259353161,1719.284643554689
2021/1/11 02:50,8.654642582,1555.1056945800783
2021/1/11 03:00,8.839302397,1551.2700805664078
2021/1/11 03:10,9.706653738,1832.219799804688
2021/1/11 03:20,9.458621668815614,1840.5338562011736
2021/1/11 03:30,8.478447270393374,1427.3489379882824
2021/1/11 03:40,8.346449399,1374.0318969726582
2021/1/11 03:50,8.578035211563112,1564.338488769532
2021/1/11 04:00,9.861205006,1915.0225769042984
2021/1/11 04:10,9.868592905998227,1994.1541442871112
2021/1/11 04:20,9.991012716,1917.302386
2021/1/11 04:30,10.540072822570812,2038.9490600585957
2021/1/11 04:40,10.379228782653811,2033.537481689456
2021/1/11 04:50,9.770638751983638,1855.553869628907
2021/1/11 05:00,9.192416787147518,1551.7791015625005
2021/1/11 05:10,9.109739398956297,1509.7745483398453
2021/1/11 05:20,9.281015635,1670.2331359863297
2021/1/11 05:30,9.118705105781562,1604.5909179687517
2021/1/11 05:40,10.550003814697265,1990.7811767578144
2021/1/11 05:50,10.622564697265632,2024.0811340332043
2021/1/11 06:00,10.502038240432745,2026.212597656253
2021/1/11 06:10,10.581949806213377,2012.3625793457045
2021/1/11 06:20,10.088985514640802,1939.5544433593773
2021/1/11 06:30,9.005380988121033,1683.8035827636736
2021/1/11 06:40,9.403472280502315,1763.8069152832054
2021/1/11 06:50,9.068604779243472,1611.8405456542987
2021/1/11 07:00,8.542562222480774,1274.5358856201187
2021/1/11 07:10,8.271902537345886,1256.0836181640643
2021/1/11 07:20,8.199787092208863,1227.9957458496117
2021/1/11 07:30,8.350421667098995,1300.3482360839855
2021/1/11 07:40,8.616872862765662,1316.4446475380355
2021/1/11 07:50,9.482622802,1746.5121688842787
2021/1/11 08:00,9.820311880111694,1945.149652099612
2021/1/11 08:10,10.77564940452575,2001.445452880863
2021/1/11 08:20,10.53884763717652,2010.4690673828147
2021/1/11 08:30,9.199359130859376,1672.6100463867194
2021/1/11 08:40,8.379546189308169,1424.5612609863297
2021/1/11 08:50,8.534134840965269,1243.1721191406268
2021/1/11 09:00,8.549708771705628,1238.3863250732427
2021/1/11 09:10,8.793063187599182,1363.369213867189
2021/1/11 09:20,9.389179325103758,1537.8821655273446
2021/1/11 09:30,9.710013532638552,1894.0195068359385
2021/1/11 09:40,10.307623461673131,1952.2995483398447
2021/1/11 09:50,10.965247011184696,2038.7943786621115
2021/1/11 10:00,10.499717950820934,1984.6167506167783
2021/1/11 10:10,10.896250009536748,2008.642266845706
2021/1/11 10:20,9.624496078491216,1712.325219726564
2021/1/11 10:30,9.183024048805237,1653.1115539550804
2021/1/11 10:40,9.032148099,1576.0911682128913
2021/1/11 10:50,9.448328673839564,1675.609542846681
2021/1/11 11:00,9.378190136,1690.662670898439
2021/1/11 11:10,8.686310172080994,1616.0923034667976
2021/1/11 11:20,10.93751459121704,2021.141906738284
2021/1/11 11:30,10.964151668548574,1993.4658752441417
2021/1/11 11:40,11.342603874206548,2032.262854003908
2021/1/11 11:50,10.894913482666016,2042.3856018066413
2021/1/11 12:00,9.994799375534054,1829.590548706056
2021/1/11 12:10,9.697799420356754,1904.1192871093783
2021/1/11 12:20,10.06903085708618,1791.6493652343772
2021/1/11 12:30,9.779139368,1934.781359220808
2021/1/11 12:40,10.448708343505851,1976.086572265628
2021/1/11 12:50,10.25777426,1917.9992004394533
2021/1/11 13:00,9.427975010871886,1708.9767486572289
2021/1/11 13:10,10.029140067100528,1942.2675048828144
2021/1/11 13:20,11.033319372879838,1964.2501342773453
2021/1/11 13:30,11.6148416,2050.975482177736
2021/1/11 13:40,12.369776725769038,2049.5216125488314
2021/1/11 13:50,13.475675532692373,2059.832153320314
2021/1/11 14:00,11.851513433456416,2061.238885176812
2021/1/11 14:10,12.57613783,2044.5351806640651
2021/1/11 14:20,12.28715672492981,2039.7270019531277
2021/1/11 14:30,12.516644954681402,2063.2985290527367
2021/1/11 14:40,13.254857063293466,2059.856158447268
2021/1/11 14:50,11.563070678710938,2051.9305053710955
2021/1/11 15:00,11.138175201416017,2055.566534
2021/1/11 15:10,10.999067878723142,1985.2292053222675
2021/1/11 15:20,10.63266268898458,1930.377154181986
2021/1/11 15:30,10.730969572067265,2015.535522460941
2021/1/11 15:40,11.087165355682377,2027.454156494142
2021/1/11 15:50,10.551303100585937,1992.636230468752
2021/1/11 16:00,10.48271474838256,2012.7520751953136
2021/1/11 16:10,9.606601905822751,1805.6583740234385
2021/1/11 16:20,9.245913863182071,1641.2873596191414
2021/1/11 16:30,9.704853200912472,1740.0326660156263
2021/1/11 16:40,9.047109603881832,1529.7921813964854
2021/1/11 16:50,9.390961266,1805.554315185548
2021/1/11 17:00,8.777452111244203,1458.3189758300798
2021/1/11 17:10,9.225214732320689,1412.3705990439971
2021/1/11 17:20,8.070610642433165,1173.7951477050797
2021/1/11 17:30,8.670235109329225,1220.5497406005877
2021/1/11 17:40,8.756717681884767,1369.4963043212904
2021/1/11 17:50,8.477630567550657,1343.4241333007826
2021/1/11 18:00,8.708511042594912,1470.1500793457033
2021/1/11 18:10,9.373104143,1755.898358154298
2021/1/11 18:20,10.01727864742279,1878.8740905761736
2021/1/11 18:30,9.723805403709411,1781.356945800782
2021/1/11 18:40,10.488803100585944,1990.330859375002
2021/1/11 18:50,10.466880893707271,1938.707757568361
2021/1/11 19:00,9.970259833335875,1863.4208435058608
2021/1/11 19:10,10.393002152442936,1952.9872497558613
2021/1/11 19:20,10.292467689514163,1973.4418701171885
2021/1/11 19:30,10.01459001239977,1895.1911743164076
2021/1/11 19:40,10.512526178359993,1931.776654052736
2021/1/11 19:50,10.803788238101532,1997.4529813878703
2021/1/11 20:00,12.080296230316156,2047.0145324707053
2021/1/11 20:10,11.61586256027222,2041.3622558593763
2021/1/11 20:20,11.844292640686044,2054.797723388675
2021/1/11 20:30,11.143595409393312,2039.5445129394543
2021/1/11 20:40,10.533613085746763,1993.370404052736
2021/1/11 20:50,11.291055822372437,2054.9668884277366
2021/1/11 21:00,11.155363917350767,2015.1551147460957
2021/1/11 21:10,11.268437937686322,2022.9626464843773
2021/1/11 21:20,12.186807966232289,2062.565966796878
2021/1/11 21:30,11.076306295394907,2008.7190856933616
2021/1/11 21:40,11.474991655349733,2046.4831359863288
2021/1/11 21:50,11.766163039207454,2016.044519042972
2021/1/11 22:00,11.272270584106447,2029.899841308597
2021/1/11 22:10,10.69898633956909,2026.5759521484392
2021/1/11 22:20,11.385576105117805,2024.9833190917996
2021/1/11 22:30,10.5866276,2034.825421
2021/1/11 22:40,11.183838891983031,2038.471575927737
2021/1/11 22:50,10.96326069831849,2016.724749755862
2021/1/11 23:00,10.947649621963498,2002.9110290527365
2021/1/11 23:10,11.562124061584484,2065.9011108398454
2021/1/11 23:20,10.494093513488776,1996.8276855468769
2021/1/11 23:30,11.061437845230092,2026.669812011721
2021/1/11 23:40,11.272864723205569,2012.056860351565
2021/1/11 23:50,10.851365852355952,2023.7370056152365
2021/1/12 00:00,10.588205361366274,2011.7330444335944
2021/1/12 00:10,11.085494804382332,2012.766503906252
2021/1/12 00:20,11.464466810226444,2042.3514465332048
2021/1/12 00:30,11.322115103403736,2002.660854763456
2021/1/12 00:40,11.241252660751334,2041.7459045410171
2021/1/12 00:50,11.008720350265504,2023.357653808596
2021/1/12 01:00,10.835866284370423,2035.4027099609389
2021/1/12 01:10,11.675894536470114,2047.7865539550803
2021/1/12 01:20,11.113375711441034,2017.9722045898457
2021/1/12 01:30,10.694661235809336,1984.1221374511745
2021/1/12 01:40,10.526596450805666,1954.8764648437516
2021/1/12 01:50,10.19724202156067,1955.049853515625
2021/1/12 02:00,10.023905348777776,1914.7953125000013
2021/1/12 02:10,10.618963479995726,2004.6076721191416
2021/1/12 02:20,10.25981638431548,1949.028973388673
2021/1/12 02:30,10.51118955612183,1924.524285888673
2021/1/12 02:40,10.914738368988036,1990.8878967285173
2021/1/12 02:50,10.749494934082026,2008.631945158308
2021/1/12 03:00,10.644468355178828,1993.3223510742216
2021/1/12 03:10,10.754482269287116,1935.1241780598968
2021/1/12 03:20,10.635075728098554,1887.819559733074
2021/1/12 03:30,9.762007093,1689.4814605712904
2021/1/12 03:40,8.678755187988278,1255.0293579101567
2021/1/12 03:50,8.823862969875337,1209.5680160522472
2021/1/12 04:00,8.963815613796836,1450.4480590820324
2021/1/12 04:10,8.027211523056028,1150.9017700195325
2021/1/12 04:20,8.220762681961057,1115.6746826171889
2021/1/12 04:30,8.851999020576477,1335.0545867919932
2021/1/12 04:40,7.478986644744873,948.6706634521493
2021/1/12 04:50,7.368183135986328,872.4559936523445
2021/1/12 05:00,8.331342446176627,1173.665459883841
2021/1/12 05:10,8.998550105,1377.4977172851577
2021/1/12 05:20,7.970094680786135,1084.4848510742188
2021/1/12 05:30,8.336611199378968,1233.1310211181658
2021/1/12 05:40,7.490959405899048,841.2051985
2021/1/12 05:50,6.196169400215149,517.0121696
2021/1/12 06:00,6.495292711257936,193.2873186647893
2021/1/12 06:10,6.299821209907532,419.2993077874184
2021/1/12 06:20,6.542174386978149,532.0780883789064
2021/1/12 06:30,5.563373851776123,406.50135955810543
2021/1/12 06:40,6.5600871562957765,550.3895187
2021/1/12 06:50,6.826205372810365,501.3013865152996
2021/1/12 07:00,5.2621971607208256,329.26810913085944
2021/1/12 07:10,6.718815136,491.7878259658813
2021/1/12 07:20,7.397590184211731,759.2774810791017
2021/1/12 07:30,6.097992372512818,521.8011947631837
2021/1/12 07:40,5.357886886596679,299.6548721313477
2021/1/12 07:50,4.774411797523498,215.2941780090332
2021/1/12 08:00,3.938690888881683,126.34450726509095
2021/1/12 08:10,4.005942833423615,132.59216918945324
2021/1/12 08:20,3.249149728,67.61315382
2021/1/12 08:30,4.015335453,110.27181291580196
2021/1/12 08:40,6.085629725456237,371.22520904541045
2021/1/12 08:50,6.162794017791748,457.41757202148455
2021/1/12 09:00,6.078929650156123,466.8559425755551
2021/1/12 09:10,5.245323872566224,290.28021011352547
2021/1/12 09:20,4.736302983760833,195.77641067504888
2021/1/12 09:30,4.214473986625672,137.00871353149415
2021/1/12 09:40,3.353396624326705,67.02301721572871
2021/1/12 09:50,3.395069551467895,66.17206864356993
2021/1/12 10:00,4.033304047584535,129.39742298126222
2021/1/12 10:10,4.158081055,115.60021705627454
2021/1/12 10:20,4.035011792182923,118.0037666320801
2021/1/12 10:30,5.2801100492477415,264.8140716552735
2021/1/12 10:40,5.1671571969985965,306.5257339
2021/1/12 10:50,4.179390823841095,142.94972801208502
2021/1/12 11:00,3.7674704670906074,91.28550319671628
2021/1/12 11:10,4.044070255756378,126.11835627555855
2021/1/12 11:20,5.208031737804413,271.2970619201661
2021/1/12 11:30,4.631328168668245,217.11788097180832
2021/1/12 11:40,5.116982781887055,261.85826454162594
2021/1/12 11:50,3.9160447120666495,83.55034199
2021/1/12 12:00,3.770143389701842,58.52334482669831
2021/1/12 12:10,3.832364869117736,93.68589298725126
2021/1/12 12:20,3.8352606654167176,77.35493736267091
2021/1/12 12:30,3.399227464199066,48.10513782501219
2021/1/12 12:40,4.033935094,109.70463562011732
2021/1/12 12:50,4.236303496,171.2941669464112
2021/1/12 13:00,3.780724120140076,104.09881811141966
2021/1/12 13:10,3.504866766929626,81.25292029380795
2021/1/12 13:20,4.148985481262208,134.85492324829096
2021/1/12 13:30,4.402679204940797,181.47141265869135
2021/1/12 13:40,3.937020254135132,140.08466711044306
2021/1/12 13:50,5.307378315925598,311.9421627044678
2021/1/12 14:00,5.383781623840332,336.1955688476564
2021/1/12 14:10,4.925287830829621,231.7008899688721
2021/1/12 14:20,4.507780099,194.4633838653565
2021/1/12 14:30,4.254086363315581,141.4371009826661
2021/1/12 14:40,5.100183629989624,226.47488479614253
2021/1/12 14:50,4.938801264762878,188.71027603149403
2021/1/12 15:00,3.458256292343139,68.83810834884646
2021/1/12 15:10,2.866776861642537,26.41008171
2021/1/12 15:20,2.363996851444245,5.058173049986362
2021/1/12 15:30,2.0382807195186614,-4.412649587
2021/1/12 15:40,2.162696760892868,-4.121963656
2021/1/12 15:50,2.8960125625133504,-1.808565024
2021/1/12 16:00,2.1828179955482483,-6.927286898
2021/1/12 16:10,2.2042108535766616,14.355191321671017
2021/1/12 16:20,3.528404009342193,115.73567810058589
2021/1/12 16:30,3.265317702293396,115.17606067657466
2021/1/12 16:40,3.140354830026628,107.0679380416868
2021/1/12 16:50,3.2625889837741857,92.13009109497068
2021/1/12 17:00,4.840754246711731,241.77663345336916
2021/1/12 17:10,3.101614922285081,100.67670421600344
2021/1/12 17:20,2.603545862436295,29.009419333934783
2021/1/12 17:30,2.475891584157944,59.40259486
2021/1/12 17:40,2.834760463237764,69.84817101955413
2021/1/12 17:50,4.244229567050935,175.47494125366214
2021/1/12 18:00,3.0120693683624262,106.05739173889168
2021/1/12 18:10,2.725390064716339,48.36007123
2021/1/12 18:20,2.2100024104118345,23.738059425353995
2021/1/12 18:30,2.3325891911983505,29.090972161293035
2021/1/12 18:40,2.5627230970483077,30.78814258575439
2021/1/12 18:50,2.9491425812244416,70.55562610626218
2021/1/12 19:00,5.057452809810638,130.1255561427066
2021/1/12 19:10,3.683790612220764,66.78993988
2021/1/12 19:20,2.0758140623569497,9.586830052733417
2021/1/12 19:30,3.105457413196564,85.81631029248237
2021/1/12 19:40,3.985227102041245,148.3303980827332
2021/1/12 19:50,1.7241474628448483,-7.727886546
2021/1/12 20:00,1.9861572086811063,-2.329750764
2021/1/12 20:10,3.9109213948249817,84.80147800445552
2021/1/12 20:20,2.4409384667873364,26.20310335755348
2021/1/12 20:30,1.9354438632726665,-1.06379903
2021/1/12 20:40,2.6588062644004813,-1.676257032
2021/1/12 20:50,3.092133927345276,11.12570890784266
2021/1/12 21:00,3.448993599414825,43.40415201187135
2021/1/12 21:10,3.377694976329804,51.76878986358643
2021/1/12 21:20,3.119602048397065,54.49620780944824
2021/1/12 21:30,3.320355474948884,53.33266563415528
2021/1/12 21:40,3.5795249938964853,51.78642635345459
2021/1/12 21:50,2.9442606329917917,24.201052188873287
2021/1/12 22:00,3.01245929,41.751747512817374
2021/1/12 22:10,3.238587665557861,51.75545787811279
2021/1/12 22:20,3.931952702999115,95.40165023803708
2021/1/12 22:30,4.180838704109193,121.37676544189463
2021/1/12 22:40,4.274449408054352,146.39471092224127
2021/1/12 22:50,4.795498764514923,174.86825942993158
2021/1/12 23:00,5.157597506046295,212.33145065307616
2021/1/12 23:10,4.949214911460876,200.67103042602528
2021/1/12 23:20,5.223457193374633,228.3215126037598
2021/1/12 23:30,5.667472195625305,294.28156890869144
2021/1/12 23:40,5.683584451675416,284.5185089111329
2021/1/12 23:50,5.768971991539002,309.0663436889649
2021/1/13 00:00,5.363715481758119,265.39725952148444
2021/1/13 00:10,5.6506917,327.58002624511727
2021/1/13 00:20,5.495880556106567,272.3480789184572
2021/1/13 00:30,5.847212934494019,311.6118515
2021/1/13 00:40,6.069127631,359.61445007324227
2021/1/13 00:50,5.388886189460754,262.7525268554688
2021/1/13 01:00,5.184698748588563,236.5277313232422
2021/1/13 01:10,5.401044655,261.8220611572267
2021/1/13 01:20,5.518192553520203,292.3700180053712
2021/1/13 01:30,5.218538141,289.42384185791013
2021/1/13 01:40,6.426047420501709,398.9236114501954
2021/1/13 01:50,6.280944275856018,368.8131027
2021/1/13 02:00,5.425278067588806,243.8349943161012
2021/1/13 02:10,5.040653777122497,232.76530227661144
2021/1/13 02:20,6.0070175409317015,308.22343292236343
2021/1/13 02:30,6.481177973747253,399.815123
2021/1/13 02:40,6.018062138557434,353.4019683837891
2021/1/13 02:50,5.609854197502136,326.22274169921883
2021/1/13 03:00,5.871678328514099,354.5015594482423
2021/1/13 03:10,6.926696586608887,492.77484436035166
2021/1/13 03:20,5.846266222000122,293.92904891967777
2021/1/13 03:30,5.599548139,249.74336166381852
2021/1/13 03:40,5.5050318241119385,264.14080886840827
2021/1/13 03:50,6.338710737228393,420.48473205566427
2021/1/13 04:00,6.646922659873963,543.9274565044203
2021/1/13 04:10,6.2753383159637455,445.4093032836914
2021/1/13 04:20,5.859352875,322.4901412963867
2021/1/13 04:30,4.984650683403016,209.74644241333013
2021/1/13 04:40,4.623016119003295,154.74767303466805
2021/1/13 04:50,4.194203758239746,132.7367820739747
2021/1/13 05:00,4.029888498783111,130.05574913024915
2021/1/13 05:10,3.717834222,98.22146720886224
2021/1/13 05:20,3.690176141262055,91.39805736541751
2021/1/13 05:30,3.660104930400848,95.95975189208986
2021/1/13 05:40,4.481848227977753,151.19753837585455
2021/1/13 05:50,5.004549598693848,217.17540969848636
2021/1/13 06:00,5.057749772071839,221.49653015136727
2021/1/13 06:10,5.3098842859268185,296.8805229187012
2021/1/13 06:20,5.943441033363342,435.5330520629884
2021/1/13 06:30,5.841885590553284,370.8741165161133
2021/1/13 06:40,5.538035917282104,394.7257385253908
2021/1/13 06:50,4.829598069,239.19267425537123
2021/1/13 07:00,5.651248621940613,324.8376190185546
2021/1/13 07:10,5.395680046081543,274.68389053344737
2021/1/13 07:20,5.010990858078004,231.69446945190435
2021/1/13 07:30,4.5876174569129935,174.1646263122559
2021/1/13 07:40,4.104286909103393,91.83232707977297
2021/1/13 07:50,2.461839836835862,13.63037649989129
2021/1/13 08:00,2.5948958873748778,26.65969018116594
2021/1/13 08:10,3.176273352,32.092175894975654
2021/1/13 08:20,2.0754867541162594,-6.722106419
2021/1/13 08:30,2.116376554965972,-7.27833702
2021/1/13 08:40,2.2415624141693105,-0.670076016
2021/1/13 08:50,2.4626623630523694,-0.236874007
2021/1/13 09:00,2.3135249495506267,-0.149913504
2021/1/13 09:10,1.9538065135478977,-0.526564517
2021/1/13 09:20,1.1289187103509903,-0.272618508
2021/1/13 09:30,1.1789339272414936,-0.138082356
2021/1/13 09:40,1.069237673282624,-0.534033509
2021/1/13 09:50,1.2769687563180934,-0.580448014
2021/1/13 10:00,0.5605312377214432,-0.763438514
2021/1/13 10:10,0.9202874585986144,-1.317745027
2021/1/13 10:20,0.6778123497962951,-0.481217012
2021/1/13 10:30,0.8721000373363493,-1.097409513
2021/1/13 10:40,0.8475187689065935,-0.986441518
2021/1/13 10:50,0.5696623958647251,-0.76610602
2021/1/13 11:00,0.5484749741852284,-0.655138008
2021/1/13 11:10,0.6895687572658059,-1.154494005
2021/1/13 11:20,0.6658310964703559,-0.915486009
2021/1/13 11:30,0.7959371984004975,-0.652470503
2021/1/13 11:40,0.6325685739517212,-1.435115016
2021/1/13 11:50,0.7105123251676557,-0.781044016
2021/1/13 12:00,0.9788250088691708,-0.614592014
2021/1/13 12:10,0.8163561418652531,-1.314010517
2021/1/13 12:20,1.0758750945329671,-0.755436006
2021/1/13 12:30,1.1130564033985129,-0.646602008
2021/1/13 12:40,1.2297938138246536,-1.490065519
2021/1/13 12:50,1.0582500189542765,-0.505758017
2021/1/13 13:00,0.7353374302387236,-1.112347503
2021/1/13 13:10,0.716474861,-1.276665509
2021/1/13 13:20,0.7131749704480171,-0.753835525
2021/1/13 13:30,0.7547249719500547,-0.638599508
2021/1/13 13:40,0.5773874521255495,-1.277199033
2021/1/13 13:50,0.6087748140096664,-0.715423519
2021/1/13 14:00,0.6939935564994812,-0.669009001
2021/1/13 14:10,0.574837465,-1.78829203
2021/1/13 14:20,0.2298938922584056,-0.456142498
2021/1/13 14:30,0.3501376852393149,-0.794915015
2021/1/13 14:40,0.4655813053250313,-1.425512013
2021/1/13 14:50,0.3248439557850361,-0.412929008
2021/1/13 15:00,0.3191063616424799,-1.174233525
2021/1/13 15:10,0.5413125395774842,-1.106479015
2021/1/13 15:20,1.3642302061382092,-0.879208009
2021/1/13 15:30,1.5027373671531676,-0.618326508
2021/1/13 15:40,1.4660436511039736,-1.514578436
2021/1/13 15:50,1.6056000888347617,-0.782111013
2021/1/13 16:00,0.7433063577860597,-0.586316517
2021/1/13 16:10,0.6690748736262326,-1.468192027
2021/1/13 16:20,2.154206454753875,-0.303561511
2021/1/13 16:30,2.5584185838699347,-1.21317902
2021/1/13 16:40,1.9736437141895304,-4.266399553
2021/1/13 16:50,2.3826187670230863,-1.250524038
2021/1/13 17:00,2.5571812689304343,-1.804297039
2021/1/13 17:10,2.3331562817096705,-1.741344032
2021/1/13 17:20,2.4088688015937816,-1.134221026
2021/1/13 17:30,2.0646187305450443,-1.69813053
2021/1/13 17:40,2.373693794012071,-1.14755853
2021/1/13 17:50,2.4519561529159537,-0.721292016
2021/1/13 18:00,2.330306112766266,-1.644247017
2021/1/13 18:10,2.043056362867355,-1.349755012
2021/1/13 18:20,2.420493888854981,-0.625262009
2021/1/13 18:30,2.5755375027656564,-3.355181536
2021/1/13 18:40,1.7803311765193932,-1.078737023
2021/1/13 18:50,1.805550086,-0.515361005
2021/1/13 19:00,1.932543671131134,-0.853066505
2021/1/13 19:10,2.1795937478542333,-1.123017516
2021/1/13 19:20,2.253468794,-0.612991507
2021/1/13 19:30,2.358918672800063,-2.608815034
2021/1/13 19:40,2.377368640899657,-1.408973527
2021/1/13 19:50,2.508431267738343,-2.740056059
2021/1/13 20:00,2.7402235329151154,-2.700043553
2021/1/13 20:10,2.327154357182352,0.8761710116737726
2021/1/13 20:20,2.438362562656402,-1.475127512
2021/1/13 20:30,1.946306247,-1.065399534
2021/1/13 20:40,2.913512265682219,-1.555152529
2021/1/13 20:50,1.980955517292024,-2.826483047
2021/1/13 21:00,2.373993825912476,-1.453254029
2021/1/13 21:10,2.495793801546097,-2.111059523
2021/1/13 21:20,3.001919102668761,4.562871984
2021/1/13 21:30,3.5515700459480293,50.34369950294494
2021/1/13 21:40,3.2893746972084044,47.02203433066608
2021/1/13 21:50,2.9043884754180915,16.947332024574273
2021/1/13 22:00,3.1219243208567296,36.20342950688468
2021/1/13 22:10,3.7876711189746857,78.21012771129612
2021/1/13 22:20,3.332402461767197,50.32049078941343
2021/1/13 22:30,2.489048594236374,1.1076218664646151
2021/1/13 22:40,3.091237580776214,-2.434360552
2021/1/13 22:50,3.366499829292297,31.93000728935001
2021/1/13 23:00,3.6733956933021537,68.00002303905782
2021/1/13 23:10,3.633950352668763,67.73050465583802
2021/1/13 23:20,3.336759793130975,63.96240495380604
2021/1/13 23:30,3.419163644313813,56.06164927482605
2021/1/13 23:40,3.685591232776642,76.30660820007327
2021/1/13 23:50,3.8880152106285095,92.49929295
2021/1/14 00:00,3.405297434329987,72.37866335
2021/1/14 00:10,3.7353944420814513,92.02496204376229
2021/1/14 00:20,3.4791204929351807,66.62713046073921
2021/1/14 00:30,3.545388710498809,77.59558393955231
2021/1/14 00:40,3.436612483859061,60.48791038990021
2021/1/14 00:50,2.9830378055572506,36.06485692858696
2021/1/14 01:00,2.7807064712047582,37.20665132999419
2021/1/14 01:10,3.216869556903839,64.15530004501339
2021/1/14 01:20,3.4708788573741907,66.76161904335022
2021/1/14 01:30,3.2794701174685845,52.94513421
2021/1/14 01:40,3.372650370878332,75.51328110694882
2021/1/14 01:50,3.1725607991218574,62.59642766416074
2021/1/14 02:00,3.481589376926422,83.31514753103258
2021/1/14 02:10,3.466247884850753,88.44921522140501
2021/1/14 02:20,3.751822161674499,108.40498075485228
2021/1/14 02:30,2.9750373423099523,45.83805710673333
2021/1/14 02:40,3.772482323646545,89.27701103059876
2021/1/14 02:50,3.1374405503273013,66.52263517379757
2021/1/14 03:00,3.542364994684855,73.42732191085821
2021/1/14 03:10,3.718242633342741,87.88047895431518
2021/1/14 03:20,3.292474651,50.68638525903226
2021/1/14 03:30,3.575701236724853,92.35847396850588
2021/1/14 03:40,3.1457008540630342,62.18981849551206
2021/1/14 03:50,3.63092463,90.31713562011716
2021/1/14 04:00,4.113178384304047,126.2229014396667
2021/1/14 04:10,4.528681457042695,155.0362775802613
2021/1/14 04:20,4.665190088748932,171.18851509094242
2021/1/14 04:30,4.832104122638702,207.37439765930176
2021/1/14 04:40,5.081175745,222.15542945861813
2021/1/14 04:50,5.050083458423615,211.0392189
2021/1/14 05:00,4.791860604286194,208.0279633
2021/1/14 05:10,5.240943121910096,230.94911422729487
2021/1/14 05:20,5.25170933,238.0706779479981
2021/1/14 05:30,4.855047249794007,208.0221244812012
2021/1/14 05:40,5.425658559799194,277.56502609252937
2021/1/14 05:50,5.335537660121919,299.45747070312507
2021/1/14 06:00,4.742533763249715,247.48854573567712
2021/1/14 06:10,5.629937732920928,317.25483165067794
2021/1/14 06:20,5.833513772,371.3153396606448
2021/1/14 06:30,5.662701737880707,357.6707458496095
2021/1/14 06:40,5.648946976661682,326.6244895935059
2021/1/14 06:50,5.336781263,292.49061889648453
2021/1/14 07:00,5.502061724662781,350.4275451660157
2021/1/14 07:10,6.075412549470601,412.2547182
2021/1/14 07:20,6.313354492187501,430.4276733398439
2021/1/14 07:30,6.0955792427062985,406.1561660766602
2021/1/14 07:40,5.225536203,340.50541610717767
2021/1/14 07:50,6.144347768080861,422.47099625436886
2021/1/14 08:00,6.075735831260681,386.6314964294435
2021/1/14 08:10,5.223512971401215,299.98299865722663
2021/1/14 08:20,5.083663058280945,309.95365748405453
2021/1/14 08:30,5.376300776004792,308.0180091857912
2021/1/14 08:40,5.493151867,338.6097534179688
2021/1/14 08:50,5.1174282908439634,275.60904502868664
2021/1/14 09:00,4.824103569984436,209.55328750610343
2021/1/14 09:10,4.394771528,174.73389968872075
2021/1/14 09:20,3.840086972713471,135.35592194795618
2021/1/14 09:30,4.5339434899781885,169.01598472595217
2021/1/14 09:40,4.385564566,163.87401400114376
2021/1/14 09:50,4.1310355961322776,161.76151618957525
2021/1/14 10:00,4.360950696468352,197.5221260070801
2021/1/14 10:10,5.060515582561493,314.2427412986755
2021/1/14 10:20,5.152993965148926,302.19824371337893
2021/1/14 10:30,5.596099424362183,363.9040428161621
2021/1/14 10:40,5.9689829587936405,398.6685905456544
2021/1/14 10:50,5.161217176914215,315.3162239074708
2021/1/14 11:00,4.7268362045288095,263.03584594726567
2021/1/14 11:10,4.6084815144538895,263.4690372467041
2021/1/14 11:20,4.447340548038483,211.53754425048828
2021/1/14 11:30,5.356613698758577,307.1462341308594
2021/1/14 11:40,5.375267528352283,428.1857696533205
2021/1/14 11:50,6.170218053616976,459.1887897692232
2021/1/14 12:00,6.080877709388732,484.2313499450685
2021/1/14 12:10,6.334831213951111,618.0297737121584
2021/1/14 12:20,6.187129426002502,561.6625396728516
2021/1/14 12:30,5.268916786,311.2101776123047
2021/1/14 12:40,5.731438636779786,355.9864646911622
2021/1/14 12:50,5.746808445453643,419.77781982421885
2021/1/14 13:00,4.803926134109497,174.71088624000555
2021/1/14 13:10,5.476092839241027,291.5963985443117
2021/1/14 13:20,5.937259674072266,397.2856277
2021/1/14 13:30,6.573377919197084,583.6825408935548
2021/1/14 13:40,6.436312437057495,537.8402450561523
2021/1/14 13:50,6.867321395874023,656.7752857208252
2021/1/14 14:00,6.303590571880341,576.7577113101357
2021/1/14 14:10,5.595394003391266,336.33530921936034
2021/1/14 14:20,4.993412172794342,285.3754020690918
2021/1/14 14:30,4.944128775596619,260.90056381225594
2021/1/14 14:40,4.441790270805359,156.06926937103276
2021/1/14 14:50,5.709145021438599,353.96752014160154
2021/1/14 15:00,5.3738320708274845,351.8403373718263
2021/1/14 15:10,4.722418189048766,209.1446743011477
2021/1/14 15:20,5.547855425,400.74190597534187
2021/1/14 15:30,5.500613868236541,384.2114227294923
2021/1/14 15:40,4.939469552040101,268.22446899414064
2021/1/14 15:50,4.641355824,238.7285537719726
2021/1/14 16:00,4.818869042396544,268.64591941833515
2021/1/14 16:10,4.754345619678498,254.2613403320312
2021/1/14 16:20,4.206195068359375,162.7965984344483
2021/1/14 16:30,4.304223620891571,161.45313377380376
2021/1/14 16:40,4.345116782188415,164.94457511901862
2021/1/14 16:50,4.342870819568634,163.33490104675295
2021/1/14 17:00,4.208181356128892,160.4380979036029
2021/1/14 17:10,4.569778786765205,193.9994040595161
2021/1/14 17:20,4.6214568495750425,256.37941589355484
2021/1/14 17:30,3.9507750988006594,165.11638298034674
2021/1/14 17:40,3.901751625537872,161.26000137329098
2021/1/14 17:50,4.2558311939239495,157.46870994567868
2021/1/14 18:00,4.461119739632857,166.9364575837788
2021/1/14 18:10,4.891374111175538,234.14651260375985
2021/1/14 18:20,4.570975091722276,217.96516672770176
2021/1/14 18:30,4.725239670276642,202.77796821594225
2021/1/14 18:40,3.898206090927125,132.7421288490295
2021/1/14 18:50,4.350407111644745,189.9587778091431
2021/1/14 19:00,4.381016755104066,205.3176292419434
2021/1/14 19:10,4.930986475944519,260.2000701904297
2021/1/14 19:20,4.457995384931565,216.0981802940369
2021/1/14 19:30,4.149022650718688,174.22166957855222
2021/1/14 19:40,4.725109732151032,211.7461406707764
2021/1/14 19:50,4.751190090179444,208.4126518249513
2021/1/14 20:00,4.567142939567566,210.75799789428712
2021/1/14 20:10,3.560220110416414,103.77226638793942
2021/1/14 20:20,3.176644492149354,67.56787126064299
2021/1/14 20:30,3.544497710466384,73.32254867553715
2021/1/14 20:40,3.375430458784104,76.17903271
2021/1/14 20:50,3.856663185358046,151.9520286560058
2021/1/14 21:00,2.6928129494190225,51.45082226
2021/1/14 21:10,3.004198885,42.366348886489874
2021/1/14 21:20,3.030483531951906,34.30571963787079
2021/1/14 21:30,3.049825513362882,47.714032638072965
2021/1/14 21:40,3.711690128,79.60284090787175
2021/1/14 21:50,4.690954804420471,209.73529815673828
2021/1/14 22:00,4.841478121280671,248.6308815002441
2021/1/14 22:10,4.875558888912201,272.5982849121094
2021/1/14 22:20,4.340958797931672,181.34652786254884
2021/1/14 22:30,4.683919668197632,175.85160293579105
2021/1/14 22:40,3.973328578472137,106.9932683944703
2021/1/14 22:50,3.500151824951172,83.62446966171264
2021/1/14 23:00,2.881018173694611,55.14122953414918
2021/1/14 23:10,2.9241389334201817,38.50098155736923
2021/1/14 23:20,2.944483494758607,43.961647224426265
2021/1/14 23:30,4.107572627067563,117.2590087890626
2021/1/14 23:40,3.899654006958008,120.73492660522464
2021/1/14 23:50,4.576795375347137,184.70931205749525
2021/1/15 00:00,4.854742489363018,212.4754714965821
2021/1/15 00:10,4.530649006366731,206.32814292907725
2021/1/15 00:20,4.605455827713013,222.8912799232885
2021/1/15 00:30,5.034862267971038,213.77307052612315
2021/1/15 00:40,5.072711157798768,203.2421669006349
2021/1/15 00:50,3.8025720953941344,108.8899812
2021/1/15 01:00,4.2839163541793805,132.23526496887206
2021/1/15 01:10,4.000578296184539,125.22304821014409
2021/1/15 01:20,4.348383879661561,141.67609882354745
2021/1/15 01:30,3.974423718452453,100.31761970520016
2021/1/15 01:40,3.828077054023743,82.30879344940183
2021/1/15 01:50,4.466014385,139.45824737548827
2021/1/15 02:00,4.376060485839845,144.08662376403805
2021/1/15 02:10,4.373777401447295,138.6323432922363
2021/1/15 02:20,3.964622819423674,137.1853670120239
2021/1/15 02:30,4.556172466278076,187.7467826843262
2021/1/15 02:40,3.895180404186249,113.30335884094242
2021/1/15 02:50,2.730401957035065,23.873152464628216
2021/1/15 03:00,2.6933884501457213,8.840976590663187
2021/1/15 03:10,2.735392832756043,-2.95195258
2021/1/15 03:20,1.9843852072954176,-3.136980051
2021/1/15 03:30,2.911590695381165,39.57981747
2021/1/15 03:40,3.617318344116211,80.71090335845948
2021/1/15 03:50,3.7233102202415465,92.95170321464542
2021/1/15 04:00,2.7419242858886714,19.66072358489036
2021/1/15 04:10,3.302940022945404,50.32785595059393
2021/1/15 04:20,3.5213130772113805,57.67023578286168
2021/1/15 04:30,4.486396038532257,130.4702827453613
2021/1/15 04:40,3.507725334167481,94.07858886718748
2021/1/15 04:50,3.607146072387696,69.83688316345216
2021/1/15 05:00,4.101595377922058,114.96054611206048
2021/1/15 05:10,4.790097045898437,165.93160171508785
2021/1/15 05:20,4.835538136959075,184.4463493347168
2021/1/15 05:30,4.607015109062195,168.17836151123046
2021/1/15 05:40,4.154389105345073,106.03234040109749
2021/1/15 05:50,3.398837685585021,58.63696703910831
2021/1/15 06:00,3.5473748803138725,61.07149813
2021/1/15 06:10,3.6390551265917335,68.99829442877518
2021/1/15 06:20,3.157265311479569,41.90234950706363
2021/1/15 06:30,3.436259722709655,53.64150394201282
2021/1/15 06:40,3.3173112273216256,65.22465543746948
2021/1/15 06:50,2.792660713195801,11.120687924697997
2021/1/15 07:00,2.577651792764664,-7.269064021
2021/1/15 07:10,2.4627608239650733,-2.257726458
2021/1/15 07:20,2.497823163082726,-4.190039541
2021/1/15 07:30,2.5591361999511726,-2.783803079
2021/1/15 07:40,2.2097981721162805,0.4908305197954163
2021/1/15 07:50,2.269974551,-0.943761522
2021/1/15 08:00,2.700466412305833,-2.482375494
2021/1/15 08:10,1.7699763476848596,-1.183303028
2021/1/15 08:20,2.3033812582492823,-1.526877043
2021/1/15 08:30,1.9145437613129608,-1.386033013
2021/1/15 08:40,1.6408686906099312,-1.131553517
2021/1/15 08:50,1.674656230211258,-1.147558524
2021/1/15 09:00,1.4312812983989711,-1.621840036
2021/1/15 09:10,1.6521188497543335,-1.39563604
2021/1/15 09:20,2.255793738365173,-1.248390032
2021/1/15 09:30,2.640075111389159,-2.884640032
2021/1/15 09:40,1.8119999587535864,-1.670922044
2021/1/15 09:50,1.8541312187910088,-0.723426017
2021/1/15 10:00,1.8450374513864525,-0.74529952
2021/1/15 10:10,1.605712541937829,-1.398303524
2021/1/15 10:20,1.3794188886880867,-0.993910511
2021/1/15 10:30,1.2394312351942058,-0.673810518
2021/1/15 10:40,0.8919187784194941,-1.470859516
2021/1/15 10:50,1.4716312199831012,-0.676478023
2021/1/15 11:00,1.330425164103508,-0.777843003
2021/1/15 11:10,1.5734062612056736,-1.489532021
2021/1/15 11:20,1.839618790149689,-0.973104019
2021/1/15 11:30,1.5712499260902413,-0.726093518
2021/1/15 11:40,2.0346187293529514,-1.601567021
2021/1/15 11:50,1.549106216430664,-1.111814015
2021/1/15 12:00,1.574268808960915,-0.605522502
2021/1/15 12:10,1.6432104644022492,-1.642113018
2021/1/15 12:20,1.1079001069068912,-0.924555515
2021/1/15 12:30,0.8245874568820002,-1.115548524
2021/1/15 12:40,0.5471812956035138,-1.514016865
2021/1/15 12:50,1.0534686878323556,-1.025387033
2021/1/15 13:00,0.9307875603437428,-0.874940023
2021/1/15 13:10,1.4469998942481148,-1.246611707
2021/1/15 13:20,1.5780788095373848,-1.148428955
2021/1/15 13:30,1.7597999274730691,-0.717024009
2021/1/15 13:40,2.317973726674131,-1.863880546
2021/1/15 13:50,2.1837189137935624,-0.863736517
2021/1/15 14:00,2.225999957323074,-0.78637902
2021/1/15 14:10,2.286693722009658,-1.709867541
2021/1/15 14:20,2.0273248732089995,-0.86587051
2021/1/15 14:30,2.0112375915050498,-1.103811516
2021/1/15 14:40,2.4453553149574687,-1.554450531
2021/1/15 14:50,2.229552745819092,-0.862585274
2021/1/15 15:00,2.403506320714951,-0.866404008
2021/1/15 15:10,2.200012514,-4.380035102
2021/1/15 15:20,2.394618803262711,-2.091320047
2021/1/15 15:30,2.540782088041305,-0.240486515
2021/1/15 15:40,2.2281188011169437,-2.329261029
2021/1/15 15:50,2.270325088500977,-3.18286103
2021/1/15 16:00,2.7071437120437625,-4.501164973
2021/1/15 16:10,2.5208834346972004,2.653134245621532
2021/1/15 16:20,2.7511841342562717,13.022989687465486
2021/1/15 16:30,2.672237555185953,10.235699090692734
2021/1/15 16:40,2.451675873994827,-4.894449049
2021/1/15 16:50,2.749898505210876,-3.547309059
2021/1/15 17:00,3.0260842204093934,21.09176278114318
2021/1/15 17:10,2.8744754163842443,8.012330088176224
2021/1/15 17:20,3.2821274933062106,17.930431032180785
2021/1/15 17:30,3.422746217250824,25.79575033187867
2021/1/15 17:40,3.579840564727784,53.73306153949939
2021/1/15 17:50,3.7340022206306456,64.52879276275631
2021/1/15 18:00,3.777754092216493,55.12043743133543
2021/1/15 18:10,3.7240156173706063,55.13210182189941
2021/1/15 18:20,3.906819069385528,86.71957025527954
2021/1/15 18:30,3.8766551136970526,105.57724056243902
2021/1/15 18:40,4.308827221393585,118.01871414184588
2021/1/15 18:50,4.455378162860872,115.75965614318852
2021/1/15 19:00,4.343427741527558,104.02846755981446
2021/1/15 19:10,4.244526696205139,115.08264770507814
2021/1/15 19:20,4.428833794593811,134.3075119018556
2021/1/15 19:30,4.675362312793732,142.9411876678468
2021/1/15 19:40,4.852448582649231,166.25384368896485
2021/1/15 19:50,5.079115319252015,217.5216888427734
2021/1/15 20:00,5.503862380981446,290.0710098266602
2021/1/15 20:10,5.75020535,308.8204284667969
2021/1/15 20:20,5.932340502738952,357.66062011718753
2021/1/15 20:30,6.1576150178909295,383.34551544189446
2021/1/15 20:40,5.964843583106996,401.8446121215821
2021/1/15 20:50,6.788443088531494,594.3318878
2021/1/15 21:00,6.903493452072143,654.9199157714845
2021/1/15 21:10,7.113472414016724,762.2754089355469
2021/1/15 21:20,7.472712516784668,851.4960845947268
2021/1/15 21:30,7.3690966129302975,865.8091644287109
2021/1/15 21:40,6.715826606750488,780.0628723144531
2021/1/15 21:50,7.301881814002991,842.8448272705078
2021/1/15 22:00,7.447578978538513,877.7320343017578
2021/1/15 22:10,7.1438591241836535,866.7097991943359
2021/1/15 22:20,7.589155054092407,1016.6850250244148
2021/1/15 22:30,7.461777260428981,970.3182800292968
2021/1/15 22:40,7.759948658943175,995.5741363525392
2021/1/15 22:50,7.413869428634643,855.7531494140627
2021/1/15 23:00,7.042340970039367,791.2617462158207
2021/1/15 23:10,7.208698105812073,814.9124209755346
2021/1/15 23:20,6.703204083442688,703.6245849609376
2021/1/15 23:30,6.628285813331604,632.8897811889649
2021/1/15 23:40,6.583307715023266,617.6605817009421
2021/1/15 23:50,5.708461159153988,523.8395626670435
2021/1/16 00:00,6.4856330394744885,653.6154266357421
2021/1/16 00:10,7.853152827212685,1051.4520070929275
2021/1/16 00:20,8.233218145370483,1232.675922
2021/1/16 00:30,7.831172919273376,1076.0731506347668
2021/1/16 00:40,8.055742096900937,1216.2003997802744
2021/1/16 00:50,7.897886633872984,1198.9064239501974
2021/1/16 01:00,8.023628926,1192.9105926513685
2021/1/16 01:10,7.140202474594117,978.4642486572278
2021/1/16 01:20,7.339842176437378,919.6832611083988
2021/1/16 01:30,7.835163855552675,1237.077001953125
2021/1/16 01:40,9.271622991561896,1689.9808349609386
2021/1/16 01:50,9.354859101144893,1742.0825227436285
2021/1/16 02:00,8.373550629615783,1232.1413116455085
2021/1/16 02:10,9.044028234481813,1569.818408203125
2021/1/16 02:20,9.46576817,1643.872882
2021/1/16 02:30,8.67565527,1543.499197387697
2021/1/16 02:40,9.228836369514466,1744.9582366943378
2021/1/16 02:50,9.144748115539558,1727.0336425781263
2021/1/16 03:00,9.365400743484493,1737.5682983398451
2021/1/16 03:10,9.684731364250178,1785.3248657226577
2021/1/16 03:20,10.23691000938415,1975.081951904299
2021/1/16 03:30,11.04911227226258,1937.2640075683607
2021/1/16 03:40,10.478501176834111,1979.7007507324229
2021/1/16 03:50,10.520173788070675,2028.108221435548
2021/1/16 04:00,10.956132650375372,1984.698358154299
2021/1/16 04:10,10.666019344329827,1968.5125610351577
2021/1/16 04:20,10.51163514,2003.370458984377
2021/1/16 04:30,9.984515786170952,1716.9450744628923
2021/1/16 04:40,9.588911795616148,1716.982434082032
2021/1/16 04:50,9.307355785369868,1788.584777832033
2021/1/16 05:00,9.863191246986393,1963.8649230957049
2021/1/16 05:10,9.929065603958934,1949.7124084472664
2021/1/16 05:20,10.71526572704315,1996.966949462892
2021/1/16 05:30,10.050648757389611,1959.3709716796895
2021/1/16 05:40,10.181705141067503,1945.4884216308608
2021/1/16 05:50,10.681648028524302,1965.8699584960957
2021/1/16 06:00,11.51107726097107,2034.117977744656
2021/1/16 06:10,11.139474487304698,2051.0197875976583
2021/1/16 06:20,11.942358493804914,2025.0788391113288
2021/1/16 06:30,11.791352367401124,2040.3581542968773
2021/1/16 06:40,11.079294896125797,2037.660070800784
2021/1/16 06:50,11.098173046112064,2038.574054
2021/1/16 07:00,11.556945157051093,2042.1033386230483
2021/1/16 07:10,10.191129057030942,1988.650744628908
2021/1/16 07:20,9.734181880950924,1933.7490722656264
2021/1/16 07:30,9.324154925346372,1848.7465270996115
2021/1/16 07:40,9.935492253303526,1848.6547607421892
2021/1/16 07:50,9.412530803680422,1787.125648900085
2021/1/16 08:00,8.981361198425288,1702.8341857910164
2021/1/16 08:10,9.750646758079531,1869.246515
2021/1/16 08:20,8.684212661,1535.126434326172
2021/1/16 08:30,9.406349707,1731.6198974609383
2021/1/16 08:40,9.358866739273068,1767.058777
2021/1/16 08:50,9.195405292510989,1676.7065124511732
2021/1/16 09:00,10.514976300691307,2027.9769653320327
2021/1/16 09:10,10.509556078910828,1959.6451416015648
2021/1/16 09:20,9.892018795013428,1758.3072692871094
2021/1/16 09:30,9.841250395774846,1962.9355407714872
2021/1/16 09:40,9.422480487823488,1866.8605285644549
2021/1/16 09:50,9.516425228118894,1519.755895996096
2021/1/16 10:00,8.934472179,1564.6745880126969
2021/1/16 10:10,8.663849568367004,1354.976184082033
2021/1/16 10:20,8.097841906547547,1162.344985961914
2021/1/16 10:30,7.051448370281019,935.9223440069908
2021/1/16 10:40,7.841623568534851,919.9847259521484
2021/1/16 10:50,7.0029884576797485,708.3943817138672
2021/1/16 11:00,6.044569444656371,515.8464141845703
2021/1/16 11:10,5.414205456,357.3693527221681
2021/1/16 11:20,5.6442319512367245,366.77444534301776
2021/1/16 11:30,5.442698884010316,340.71667098999035
2021/1/16 11:40,5.043400979042054,268.9686935424808
2021/1/16 11:50,5.221415388584136,275.8699875
2021/1/16 12:00,5.605826091766358,386.6459243774415
2021/1/16 12:10,5.573156237602235,367.0695465087892
2021/1/16 12:20,5.902770519256593,406.9377792
2021/1/16 12:30,5.934957862,392.66895523071287
2021/1/16 12:40,4.164930689334871,186.81464843750007
2021/1/16 12:50,4.735820400714874,232.6249320983887
2021/1/16 13:00,4.881832945346832,238.35721359252932
2021/1/16 13:10,5.218519592285157,297.3441589
2021/1/16 13:20,4.931264936923981,254.7249412536622
2021/1/16 13:30,4.356569838523866,178.34749107360835
2021/1/16 13:40,4.517080808940686,169.12289268092113
2021/1/16 13:50,5.198045194149018,292.1832275390626
2021/1/16 14:00,5.270531749725341,349.0312812805177
2021/1/16 14:10,4.915579628944396,302.96438293457027
2021/1/16 14:20,5.305800533294678,309.42017593383787
2021/1/16 14:30,5.933751371,463.78500607139176
2021/1/16 14:40,5.789167952537537,387.36341295744256
2021/1/16 14:50,5.615701508522034,342.77344512939464
2021/1/16 15:00,5.781085146798026,437.7566392686634
2021/1/16 15:10,6.687161948945787,585.4446394178602
2021/1/16 15:20,6.289561678381527,482.7444188735065
2021/1/16 15:30,6.613533258,596.8414688110353
2021/1/16 15:40,6.678151242873248,578.6611022949219
2021/1/16 15:50,6.302811002731323,570.8017835115133
2021/1/16 16:00,6.709775257110596,627.9748871
2021/1/16 16:10,6.637826848,618.1631836
2021/1/16 16:20,6.303124454286364,628.6412739000823
2021/1/16 16:30,6.643503088700144,677.4216969807943
2021/1/16 16:40,7.437942211444561,823.9147426060271
2021/1/16 16:50,7.6587439643012125,807.9695039636953
2021/1/16 17:00,6.822222203016281,691.1174837
2021/1/16 17:10,7.279553227954442,788.5721040613512
2021/1/16 17:20,6.626241768107696,652.5229312672335
2021/1/16 17:30,6.139560573979429,472.5271317331415
2021/1/16 17:40,6.746679643,571.8869900173612
2021/1/16 17:50,6.046363804075453,566.3287404378257
2021/1/16 18:00,6.784099370241164,674.5039463043213
2021/1/16 18:10,7.647523827022976,945.7309857536768
2021/1/16 18:20,8.153389509986427,1223.032647026912
2021/1/16 18:30,7.587723050798688,854.3311204
2021/1/16 18:40,8.379032171689547,1184.437085832869
2021/1/16 18:50,7.639579548555262,980.7488289
2021/1/16 19:00,7.838008552789689,910.2677574157718
2021/1/16 19:10,8.127956139413934,1123.9676545795646
2021/1/16 19:20,7.151177807858117,707.2380692331418
2021/1/16 19:30,6.959300166682193,701.2844985961914
2021/1/16 19:40,7.121627489725749,755.2243885713465
2021/1/16 19:50,7.171787526872423,771.6804504394532
2021/1/16 20:00,7.007950878,900.2071614583342
2021/1/16 20:10,6.183072226388114,541.8310176
2021/1/16 20:20,6.9648873385261085,651.4949476453995
2021/1/16 20:30,8.765625635782877,1322.0398593478735
2021/1/16 20:40,8.515966342045711,1490.1951395670585
2021/1/16 20:50,8.068210235008827,1026.725689227766
2021/1/16 21:00,9.072838869961826,1402.101384943183
2021/1/16 21:10,9.374341607,1534.5289776141838
2021/1/16 21:20,8.134264395787167,1022.9069112141938
2021/1/16 21:30,7.710770329,916.2855580647793
2021/1/16 21:40,8.201678552125633,1158.0185638427747
2021/1/16 21:50,8.602218125995838,1290.544658460116
2021/1/16 22:00,7.993735074996948,1024.440996955423
2021/1/16 22:10,8.301509547233582,1114.1674560546885
2021/1/16 22:20,8.519900742699122,1413.795582
2021/1/16 22:30,9.697910786,1628.7957214355472
2021/1/16 22:40,8.949708135504475,1500.9534398129122
2021/1/16 22:50,8.625796461105347,1253.073968505861
2021/1/16 23:00,8.204140462373433,1155.2523835834704
2021/1/16 23:10,7.655701613426208,992.7704162597664
2021/1/16 23:20,7.518431997299194,1049.2049468994155
2021/1/16 23:30,7.829842316476922,997.9301661441204
2021/1/16 23:40,8.148706938091077,978.2624319
2021/1/16 23:50,7.922752480757862,1036.2192657470714
2021/1/17 00:00,8.276617240905761,1088.936960320724
2021/1/17 00:10,7.741293406486511,972.2917969
2021/1/17 00:20,6.990370035171509,787.9886635
2021/1/17 00:30,7.531941281424628,857.8212280273438
2021/1/17 00:40,7.301924906278911,890.6560499403213
2021/1/17 00:50,6.312385082244873,504.20554873817855
2021/1/17 01:00,6.323086534227643,503.41722717285165
2021/1/17 01:10,6.240051997335334,491.9638229370117
2021/1/17 01:20,6.280925822257996,525.9838064093339
2021/1/17 01:30,6.565600275993347,591.7330017089845
2021/1/17 01:40,6.956656384468078,593.0321365356446
2021/1/17 01:50,6.405535864830017,579.7759963989258
2021/1/17 02:00,6.988528203964234,676.4735870361329
2021/1/17 02:10,6.906482052803038,628.0143814086914
2021/1/17 02:20,7.064754637,754.7450176038241
2021/1/17 02:30,6.867278075,737.5316940307617
2021/1/17 02:40,7.137547993659974,747.2734832763673
2021/1/17 02:50,7.92370708,1048.0919647216808
2021/1/17 03:00,8.178941416740418,1246.995413208009
2021/1/17 03:10,7.942325234413147,1252.9923309326173
2021/1/17 03:20,8.322842773638271,1294.4282162314985
2021/1/17 03:30,8.281016588,1215.8071929931648
2021/1/17 03:40,8.339636969566346,1325.3378875732433
2021/1/17 03:50,8.034135293960572,1034.8683593750006
2021/1/17 04:00,8.224401044845582,1135.898257
2021/1/17 04:10,8.298985147476198,1169.1597930908222
2021/1/17 04:20,8.620914459228512,1400.5954437255873
2021/1/17 04:30,7.5033406019210815,779.4658416748047
2021/1/17 04:40,6.460781971613567,674.9458232678866
2021/1/17 04:50,7.185457849502564,763.5219373201069
2021/1/17 05:00,8.474697804450988,1168.817819213868
2021/1/17 05:10,8.685994744300842,1327.4522766113298
2021/1/17 05:20,7.741571807861327,1190.3992370605488
2021/1/17 05:30,8.075455379486081,1170.7289245605473
2021/1/17 05:40,7.413739466667176,997.8693817
2021/1/17 05:50,8.967921924591062,1544.7690246582033
2021/1/17 06:00,10.050542736053464,1877.1838562011733
2021/1/17 06:10,9.684545803070074,1821.3005004882823
2021/1/17 06:20,8.828164792060855,1511.7688995361336
2021/1/17 06:30,8.878617716,1409.8420989990243
2021/1/17 06:40,8.458643356959026,1387.8862101236998
2021/1/17 06:50,6.837039732933043,853.5170776367186
2021/1/17 07:00,6.374239444732666,654.6867492675781
2021/1/17 07:10,7.039111089706421,765.8361938476562
2021/1/17 07:20,7.2933244705200195,781.1512817382813
2021/1/17 07:30,8.373068070411682,1197.2930419921888
2021/1/17 07:40,9.074080872535705,1520.9035034179694
2021/1/17 07:50,8.851163792610173,1482.939953613282
2021/1/17 08:00,8.758778238296506,1363.733081054689
2021/1/17 08:10,7.991924285888672,1166.7610351562512
2021/1/17 08:20,8.240327596664429,1275.0059112548838
2021/1/17 08:30,8.434528374671936,1324.0168426513685
2021/1/17 08:40,7.474884366989135,923.1026916503922
2021/1/17 08:50,7.835582494735718,1036.0261671278215
2021/1/17 09:00,8.141296529769898,1056.0832458496106
2021/1/17 09:10,8.025225520133976,1173.2482818603537
2021/1/17 09:20,7.765387439727784,1070.936822509767
2021/1/17 09:30,7.211371088027954,851.2399765014654
2021/1/17 09:40,7.223246918784247,854.8962741427955
2021/1/17 09:50,6.950567913,693.8289123535158
2021/1/17 10:00,6.701106524467468,750.6401000976563
2021/1/17 10:10,7.4932982444763185,937.3832214355472
2021/1/17 10:20,6.215734243392946,666.7168823242188
2021/1/17 10:30,6.923615288734437,803.3985565
2021/1/17 10:40,7.314161909951104,772.0622525
2021/1/17 10:50,7.238100981712341,892.7606201171881
2021/1/17 11:00,8.614714574813842,1403.9471069335957
2021/1/17 11:10,8.332861709594725,1225.665798950196
2021/1/17 11:20,8.434194326400753,1227.2712219238297
2021/1/17 11:30,8.265405488014224,1225.5089508056649
2021/1/17 11:40,9.634764447,1781.9073127297822
2021/1/17 11:50,8.560696777544523,1363.309082031251
2021/1/17 12:00,7.817863512039184,1095.114959716797
2021/1/17 12:10,6.561368036270141,601.5820206
2021/1/17 12:20,8.123736596107488,1076.941729736329
2021/1/17 12:30,9.332767892,1734.478051757813
2021/1/17 12:40,7.275467348098755,894.429538
2021/1/17 12:50,7.561311268806459,955.6140625000002
2021/1/17 13:00,8.130378949014766,1164.8232482910155
2021/1/17 13:10,7.412143063545227,809.3106461
2021/1/17 13:20,6.438874053955078,621.2955520629883
2021/1/17 13:30,6.823786091804505,686.9255188
2021/1/17 13:40,7.498421549797058,832.1180596602592
2021/1/17 13:50,8.334030985832214,1034.678433
2021/1/17 14:00,6.953731436478464,800.6850425
2021/1/17 14:10,6.826731403668723,756.2627469576322
2021/1/17 14:20,6.865681529045105,667.0570567737924
2021/1/17 14:30,7.0956400632858285,770.9357252854569
2021/1/17 14:40,7.939800807407924,1052.0767399714553
2021/1/17 14:50,7.245222806930542,850.3551142765925
2021/1/17 15:00,6.725415400096347,689.8296367938703
2021/1/17 15:10,6.456956790043757,505.37695312500017
2021/1/17 15:20,6.873734361985151,802.0861798454737
2021/1/17 15:30,7.6772067967583135,1051.2012786865237
2021/1/17 15:40,6.6179650942484525,703.3327522277837
2021/1/17 15:50,7.216966096092673,748.5977382659913
2021/1/17 16:00,6.388794646543615,466.5312876981848
2021/1/17 16:10,6.302193760871887,605.8041725158691
2021/1/17 16:20,7.297496928109063,766.3587612575956
2021/1/17 16:30,8.108905089528937,982.9357910156252
2021/1/17 16:40,8.225193724912756,1051.760162353518
2021/1/17 16:50,7.901121139526368,885.6124763488772
2021/1/17 17:00,8.114647134,841.3665237426758
2021/1/17 17:10,7.065715849399567,630.5114250183107
2021/1/17 17:20,6.654644521077472,563.6186584472657
2021/1/17 17:30,7.121380053068464,744.223742
2021/1/17 17:40,7.496528172492981,821.5290863
2021/1/17 17:50,7.439225769,852.8672363281252
2021/1/17 18:00,7.080059981346129,717.8427124023439
2021/1/17 18:10,7.188520646095276,783.6939890008224
2021/1/17 18:20,7.440551837285359,850.4766363846628
2021/1/17 18:30,7.720701263,891.8557556152349
2021/1/17 18:40,8.395157384872437,1099.926931762696
2021/1/17 18:50,7.784061281,917.6968287
2021/1/17 19:00,7.145344305038451,807.5297058105468
2021/1/17 19:10,6.687630105018616,699.7922149658204
2021/1/17 19:20,6.011156868934632,522.1805160522463
2021/1/17 19:30,6.664705443382263,642.3429306030273
2021/1/17 19:40,6.036661744117737,506.3937942504884
2021/1/17 19:50,6.056115365028381,541.2938369750977
2021/1/17 20:00,6.198007059097289,555.8448760986329
2021/1/17 20:10,7.028660392761229,766.9486145019531
2021/1/17 20:20,7.338128169377645,909.3647054036468
2021/1/17 20:30,7.749182462692261,1102.5577636718754
2021/1/17 20:40,8.467838371501248,1152.762731215534
2021/1/17 20:50,8.095478296279907,1219.756150987415
2021/1/17 21:00,8.331353455781938,1087.7670135498074
2021/1/17 21:10,8.001036432054308,1077.226236979167
2021/1/17 21:20,7.599653085072835,1014.0517103407126
2021/1/17 21:30,7.840256891752544,947.2648071289062
2021/1/17 21:40,7.326050209999084,679.9474548339844
2021/1/17 21:50,6.529158065193577,604.5238579644098
2021/1/17 22:00,6.456295389878123,596.7770064504523
2021/1/17 22:10,6.295414335587446,544.1918674045141
2021/1/17 22:20,6.130291056632995,524.5180487381785
2021/1/17 22:30,6.826542068930232,794.2583043715534
2021/1/17 22:40,7.466039299964906,879.1967315673827
2021/1/17 22:50,7.723658919334412,1071.5952087402356
2021/1/17 23:00,7.964006233215331,1147.7448333740251
2021/1/17 23:10,7.7051149845123295,1068.837371826172
2021/1/17 23:20,8.124106834,1217.8605603669828
2021/1/17 23:30,8.340546488761905,1358.7125366210953
2021/1/17 23:40,9.211146355,1578.0028259277346
2021/1/17 23:50,8.752132868766786,1343.4038452148454
2021/1/18 00:00,8.941136217117313,1485.1530395507823
2021/1/18 00:10,8.949489355087282,1531.269537353516
2021/1/18 00:20,9.442305016517643,1597.3620727539085
2021/1/18 00:30,8.096152687072754,1218.7848388671878
2021/1/18 00:40,7.886712098121643,878.2324859619139
2021/1/18 00:50,7.425229645,810.1445587158203
2021/1/18 01:00,7.489251708984375,886.1853271484375
2021/1/18 01:10,8.125815486907959,1178.6727142333991
2021/1/18 01:20,8.045662689208985,1133.4904327392592
2021/1/18 01:30,7.909197425842285,1034.9478312174497
2021/1/18 01:40,7.633073830604554,987.3123809814456
2021/1/18 01:50,7.227167820930481,779.3548828125001
2021/1/18 02:00,7.463078546524048,838.4175689697265
2021/1/18 02:10,7.363008117675781,873.4472442626953
2021/1/18 02:20,7.633685513546593,956.3007354736326
2021/1/18 02:30,7.971134233474731,1165.376005473891
2021/1/18 02:40,8.550414133071898,1371.4463867187503
2021/1/18 02:50,9.286733007,1745.037738
2021/1/18 03:00,10.457432508468631,1881.9515075683596
2021/1/18 03:10,9.915147614479068,1939.1318969726572
2021/1/18 03:20,9.703034019,1882.8361267089851
2021/1/18 03:30,9.250461721420283,1877.606414794923
2021/1/18 03:40,9.499793195724484,1900.612402343752
2021/1/18 03:50,10.168265867233275,2044.7966308593773
2021/1/18 04:00,10.565466260910032,2047.9279113769564
2021/1/18 04:10,10.405847287178045,2043.919482421876
2021/1/18 04:20,9.907203149795532,1908.2717773437507
2021/1/18 04:30,10.513287162780758,2021.6289794921895
2021/1/18 04:40,10.581263017654422,2050.224249
2021/1/18 04:50,10.673109305532352,2051.280928762338
2021/1/18 05:00,9.551992868,1900.012367650084
2021/1/18 05:10,10.37934019565583,1958.0750122070324
2021/1/18 05:20,10.424447011947626,1991.381903076174
2021/1/18 05:30,9.964002257899232,1857.063244628907
2021/1/18 05:40,9.237486600875854,1588.302685546877
2021/1/18 05:50,8.7819628,1445.8658254523036
2021/1/18 06:00,8.537624645233155,1368.895538330079
2021/1/18 06:10,7.469946647,878.3914856
2021/1/18 06:20,7.4158741474151615,839.3250915527344
2021/1/18 06:30,7.614084482192995,896.4937728881845
2021/1/18 06:40,6.374424958229065,564.4603713989258
2021/1/18 06:50,6.742241001,753.7975616
2021/1/18 07:00,7.857977223,1125.947851562501
2021/1/18 07:10,8.201030802726745,1093.554919433594
2021/1/18 07:20,7.706210255622864,995.6925628662112
2021/1/18 07:30,8.362060475349427,1111.3487701416016
2021/1/18 07:40,7.354413771629334,759.4364624023439
2021/1/18 07:50,6.770363211631775,609.5311584472657
2021/1/18 08:00,6.430223894119264,554.9906906127931
2021/1/18 08:10,6.553850197792054,627.6824951171875
2021/1/18 08:20,5.869469404,473.336557
2021/1/18 08:30,5.778011989593506,473.94427642822274
2021/1/18 08:40,6.189134192466737,521.6661636
2021/1/18 08:50,5.684865355491637,533.5244903564455
2021/1/18 09:00,5.891174793243408,535.4239919562089
2021/1/18 09:10,6.150060057640076,531.4538406372071
2021/1/18 09:20,6.067568302154542,540.379866
2021/1/18 09:30,7.465685166810687,882.6837554931644
2021/1/18 09:40,7.836630392074587,1053.3019826788657
2021/1/18 09:50,8.321018838882445,1321.246221923829
2021/1/18 10:00,8.646883463859558,1362.0882019042983
2021/1/18 10:10,8.512453828539167,1548.0081787109389
2021/1/18 10:20,8.486800503730773,1454.339886474611
2021/1/18 10:30,8.642743035366664,1373.0469787597665
2021/1/18 10:40,7.141215506054106,818.7867355
2021/1/18 10:50,7.278223464363499,889.9270050048835
2021/1/18 11:00,8.719165802001953,1591.0403153268928
2021/1/18 11:10,8.976184117166618,1507.7427946391872
2021/1/18 11:20,8.814628213644028,1466.9372787475593
2021/1/18 11:30,7.462207216965525,1060.8023199784143
2021/1/18 11:40,7.802066946029663,1129.1442718505868
2021/1/18 11:50,6.9751818656921385,846.5603454589848
2021/1/18 12:00,7.762101817131042,1138.976229858399
2021/1/18 12:10,7.129391218486585,975.2589207699428
2021/1/18 12:20,7.880710071987576,1052.9919569227436
2021/1/18 12:30,6.677754902839661,701.6547790527344
2021/1/18 12:40,7.101977298134251,950.0373776
2021/1/18 12:50,6.783047623,728.7209116617839
2021/1/18 13:00,6.757555055618286,651.6728317260745
2021/1/18 13:10,8.286288189888001,1136.7946014404306
2021/1/18 13:20,7.474271821975708,849.9088074
2021/1/18 13:30,6.607106018066406,662.9533233642579
2021/1/18 13:40,6.229136371612549,479.9353149414064
2021/1/18 13:50,6.063540267944336,446.1840270996096
2021/1/18 14:00,6.8607068777084335,640.4648971557617
2021/1/18 14:10,7.645139622688293,838.5056091308594
2021/1/18 14:20,6.833939719200134,666.5120040893555
2021/1/18 14:30,6.842473582217568,683.0684284
2021/1/18 14:40,6.864159512519836,812.9306793212893
2021/1/18 14:50,7.513104557991028,923.2488555908208
2021/1/18 15:00,6.665819168090822,646.3700485229492
2021/1/18 15:10,7.206284928321838,763.9661651611328
2021/1/18 15:20,7.322950315475464,836.0876434326171
2021/1/18 15:30,7.541894960403442,945.5708557128912
2021/1/18 15:40,8.533188199996948,1310.3167724609384
2021/1/18 15:50,8.146717047691347,1135.0968933105482
2021/1/18 16:00,7.128563737869262,834.8572937011722
2021/1/18 16:10,6.644658041000366,692.9293975830078
2021/1/18 16:20,6.950382280349731,718.6376785278323
2021/1/18 16:30,6.491183173656464,745.6376968383789
2021/1/18 16:40,6.882350778579712,663.4078643798831
2021/1/18 16:50,6.717181634902954,659.6224792480471
2021/1/18 17:00,6.873960542678833,768.7487915039067
2021/1/18 17:10,6.820556116104126,692.1344192504883
2021/1/18 17:20,6.889144659042358,717.4500396728515
2021/1/18 17:30,6.527584218978882,661.2278900146491
2021/1/18 17:40,6.2904297590255736,568.2612426757813
2021/1/18 17:50,6.183528351783752,533.7565948486329
2021/1/18 18:00,6.9262511253356935,746.5526855468753
2021/1/18 18:10,6.735539984703064,716.2789367675782
2021/1/18 18:20,6.826718997955322,611.7373184204101
2021/1/18 18:30,5.800639748573303,455.88150634765634
2021/1/18 18:40,5.962207627296448,453.2330612182618
2021/1/18 18:50,6.130792200565337,514.1364120483399
2021/1/18 19:00,6.258223819732666,551.7622924804689
2021/1/18 19:10,6.303033638000489,550.5789246
2021/1/18 19:20,6.717608523368834,691.9423492431641
2021/1/18 19:30,7.929424357414246,1032.635516357423
2021/1/18 19:40,7.258427023887634,854.0970642089853
2021/1/18 19:50,7.420032072,1011.5732070922857
2021/1/18 20:00,7.839542547861732,1164.2348279451066
2021/1/18 20:10,8.582156062126161,1399.9376037597667
2021/1/18 20:20,8.704074573516845,1248.4834350585936
2021/1/18 20:30,8.544492745399479,1342.4045501708993
2021/1/18 20:40,8.036845445632935,1168.0585815429702
2021/1/18 20:50,8.787791323661796,1354.931476793792
2021/1/18 21:00,6.952665543556215,883.8228683471683
2021/1/18 21:10,7.601703333854675,818.5893203735361
2021/1/18 21:20,7.978169465065003,1114.0703430175786
2021/1/18 21:30,7.000137680455255,702.4092010498048
2021/1/18 21:40,7.364975881576539,838.4951974969164
2021/1/18 21:50,8.509038257598878,1214.1046539306649
2021/1/18 22:00,7.775058603286743,1157.7293914794932
2021/1/18 22:10,7.951216626167296,1302.8979766845716
2021/1/18 22:20,8.87986145,1344.3327423095716
2021/1/18 22:30,9.273237800598144,1657.8071685791033
2021/1/18 22:40,8.848379374,1487.9247497558606
2021/1/18 22:50,9.625294208526606,1674.581457519532
2021/1/18 23:00,9.430828596416276,1766.7210886101975
2021/1/18 23:10,8.809342503547672,1532.077844238282
2021/1/18 23:20,8.710682797431947,1305.162844848634
2021/1/18 23:30,8.219556164741515,1213.1256378173834
2021/1/18 23:40,8.059640121,1279.5351013183597
2021/1/18 23:50,8.507683229446405,1253.3487121582043
2021/1/19 00:00,7.228968310356139,828.5696151733403
2021/1/19 00:10,8.049170970916744,1134.8424011230477
2021/1/19 00:20,8.018046579862892,1207.8497732062094
2021/1/19 00:30,9.470815075768366,1557.3245646158855
2021/1/19 00:40,8.897978496551513,1555.307357788086
2021/1/19 00:50,9.166782022,1472.5237609863295
2021/1/19 01:00,8.779698157310488,1510.046115112305
2021/1/19 01:10,8.753933453559878,1353.7960052490234
2021/1/19 01:20,7.756310296058655,1178.4224914550784
2021/1/19 01:30,8.653268814086912,1458.9480102539078
2021/1/19 01:40,9.072094583511356,1506.188671875001
2021/1/19 01:50,9.669584345817563,1674.406970214845
2021/1/19 02:00,9.392854666709896,1634.4522521972665
2021/1/19 02:10,9.949080038070672,1846.7543151855475
2021/1/19 02:20,10.240752553939815,2003.647857666017
2021/1/19 02:30,10.809563255310067,1948.8198364257823
2021/1/19 02:40,12.428862857818611,2065.0063842773466
2021/1/19 02:50,12.096167230606088,2043.446252441409
2021/1/19 03:00,11.330983734130852,2008.913281250001
2021/1/19 03:10,13.113392162322995,2056.264941406252
2021/1/19 03:20,12.654397249221802,2053.1357666015647
2021/1/19 03:30,13.01011047363281,2042.3503723144556
2021/1/19 03:40,12.57344617843628,2030.1655517578151
2021/1/19 03:50,12.656903314590448,2053.425445556642
2021/1/19 04:00,12.888841629028317,2058.438543701174
2021/1/19 04:10,12.856969833374023,2046.6325134277365
2021/1/19 04:20,13.867790794372576,2057.5470520019544
2021/1/19 04:30,13.708561563491829,2044.544274902346
2021/1/19 04:40,13.92925143241882,2046.714691162112
2021/1/19 04:50,14.11147933006286,2054.1948120117204
2021/1/19 05:00,14.441966056823722,2066.2345458984405
2021/1/19 05:10,13.501051378250116,2056.9382324218773
2021/1/19 05:20,13.55820552508036,2061.294779459637
2021/1/19 05:30,13.003621553119856,2044.3786621093768
2021/1/19 05:40,12.70934228897094,2054.6398071289086
2021/1/19 05:50,12.58183655738831,2045.0772644042984
2021/1/19 06:00,12.88483224,2053.773352050784
2021/1/19 06:10,12.220535945892326,2026.3764099121115
2021/1/19 06:20,12.584750890731808,2044.5784240722664
2021/1/19 06:30,12.12458643913268,2050.338970947268
2021/1/19 06:40,12.323799133300774,2034.0128356933608
2021/1/19 06:50,12.328138113021865,2031.7751998901388
2021/1/19 07:00,12.390457105636598,2059.2105957031267
2021/1/19 07:10,12.81754293441772,2040.592382812502
2021/1/19 07:20,13.320197153091431,2043.9958007812515
2021/1/19 07:30,11.581577706336976,2046.8459167480491
2021/1/19 07:40,13.018927574157711,2038.7575866699249
2021/1/19 07:50,13.192033835819789,2044.063999720984
2021/1/19 08:00,12.469294899388355,2056.6061304995906
2021/1/19 08:10,12.466433477401733,2046.8806091308604
2021/1/19 08:20,12.118832063674915,2049.818255615236
2021/1/19 08:30,13.457633686065682,2059.4282653808627
2021/1/19 08:40,12.46612955394545,2053.2765930175806
2021/1/19 08:50,11.012859678268432,2004.2069885253925
2021/1/19 09:00,10.633107995986936,2008.078326416017
2021/1/19 09:10,10.473544836044304,1959.9247985839852
2021/1/19 09:20,11.328347969055171,2031.4353332519556
2021/1/19 09:30,11.760167503356936,2040.1794372558604
2021/1/19 09:40,11.503447914123525,2006.1349840666132
2021/1/19 09:50,10.858549594879156,1916.1771484375013
2021/1/19 10:00,11.296309208869936,1992.3839111328143
2021/1/19 10:10,11.66963810920716,1988.2852966308608
2021/1/19 10:20,11.756473445892343,1998.8743164062512
2021/1/19 10:30,12.19915194511413,2029.1470458984404
2021/1/19 10:40,11.027839612960811,2009.850708007815
2021/1/19 10:50,11.118424701690676,1955.0648315429703
2021/1/19 11:00,11.494185304641732,1947.0991760253924
2021/1/19 11:10,13.562456226348882,2039.113452
2021/1/19 11:20,12.798720693588256,2054.1195983886737
2021/1/19 11:30,12.349378204345708,2051.211279296878
2021/1/19 11:40,12.627908706665044,2058.6124877929697
2021/1/19 11:50,14.17496309280396,2053.3369018554704
2021/1/19 12:00,14.681979274749756,2062.684918212893
2021/1/19 12:10,16.058871221542358,2048.751184082034
2021/1/19 12:20,14.262801218032823,1048.8339473962783
2021/1/19 12:30,13.963443851470943,1447.7311955213552
2021/1/19 12:40,12.959434890747085,2062.866882324221
2021/1/19 12:50,11.71587724685668,2026.033832
2021/1/19 13:00,11.961960363388076,2016.1421447753924
2021/1/19 13:10,12.45176911354066,2066.863074
2021/1/19 13:20,12.811287641525269,2042.3855957031271
2021/1/19 13:30,10.135893034934991,1818.292953491214
2021/1/19 13:40,11.479743671417244,1868.797259521485
2021/1/19 13:50,11.25537877082824,1948.0339416503928
2021/1/19 14:00,10.822724199295044,1907.5483276367208
2021/1/19 14:10,12.220053339004524,2018.9416137695332
2021/1/19 14:20,10.876945018768314,1970.456707763674
2021/1/19 14:30,10.691171503067029,1975.860382
2021/1/19 14:40,11.267091703414929,1999.055181884768
2021/1/19 14:50,11.379357719421378,2044.714459228518
2021/1/19 15:00,11.286805033683772,2001.7676940917984
2021/1/19 15:10,11.932576036453252,2035.586779785157
2021/1/19 15:20,13.182696448432075,2058.3013102213545
2021/1/19 15:30,12.168934169568512,2037.3741027832057
2021/1/19 15:40,12.597794941493444,2050.397699
2021/1/19 15:50,11.122184954191502,1927.229321289065
2021/1/19 16:00,11.01195623761132,1933.5730285644545
2021/1/19 16:10,11.733770470870173,2022.5621643066431
2021/1/19 16:20,11.851884746551509,2046.126196289065
2021/1/19 16:30,10.84392240047455,1933.1856872558608
2021/1/19 16:40,11.053604459762568,1992.0451110839856
2021/1/19 16:50,11.615119981765751,2027.7548763877487
2021/1/19 17:00,11.59438581466675,2047.2882324218767
2021/1/19 17:10,11.100252008438106,1975.6917724609395
2021/1/19 17:20,10.833564591407782,1983.542175
2021/1/19 17:30,11.50723485946656,2013.1975708007835
2021/1/19 17:40,12.26991233825684,2023.0924743652365
2021/1/19 17:50,12.088841940227317,2020.5523010253928
2021/1/19 18:00,11.415752524421324,2027.7139709472672
2021/1/19 18:10,11.389622688293452,2005.3759826660169
2021/1/19 18:20,10.858343676516888,1995.4367868523864
2021/1/19 18:30,11.54183535575866,2035.094329833988
2021/1/19 18:40,12.162286853790288,2026.9285705566413
2021/1/19 18:50,12.463147735595706,2045.4849060058607
2021/1/19 19:00,12.621838569641106,2058.1019042968774
2021/1/19 19:10,11.925336575508116,2003.478186035159
2021/1/19 19:20,12.419618749618524,2038.8418762207048
2021/1/19 19:30,13.030919027328505,2052.5398071289083
2021/1/19 19:40,13.47014577765214,2033.0834472656263
2021/1/19 19:50,11.323317575454706,1993.0401245117191
2021/1/19 20:00,11.611741781234745,1939.8804504394536
2021/1/19 20:10,11.778897023200988,2045.3232360839856
2021/1/19 20:20,12.65892653465271,2016.8661315917973
2021/1/19 20:30,12.868033170700087,2049.800634765628
2021/1/19 20:40,13.38819150924682,2028.8607049239308
2021/1/19 20:50,12.810675048828134,2024.926794433596
2021/1/19 21:00,11.64146027565002,2005.522717285158
2021/1/19 21:10,11.456113600730898,2034.4172668457056
2021/1/19 21:20,11.49847340583801,2025.3013061523443
2021/1/19 21:30,12.135892918235385,2059.6045949835548
2021/1/19 21:40,11.61400637626648,1962.3321044921909
2021/1/19 21:50,11.451933208264805,1976.360290527346
2021/1/19 22:00,11.580127988542827,1999.5695373535168
2021/1/19 22:10,11.491696006373353,2017.9540344238303
2021/1/19 22:20,10.210321653456914,1885.2802368164052
2021/1/19 22:30,12.570431307742462,2045.0554138183616
2021/1/19 22:40,11.59473042261033,2035.1999755859383
2021/1/19 22:50,11.620930169758044,2017.2385864257835
2021/1/19 23:00,11.677819660731725,1987.9107604980495
2021/1/19 23:10,11.208451722797596,2008.6891961348704
2021/1/19 23:20,11.552267432212815,1952.2306884765644
2021/1/19 23:30,12.09950847625733,2028.004211425783
2021/1/19 23:40,11.735961914062498,2012.2681396484395
2021/1/19 23:50,12.932971225065344,2064.531989602483
2021/1/20 00:00,11.848914670944222,2007.219873046876
2021/1/20 00:10,11.329832935333243,2024.7154846191431
2021/1/20 00:20,10.110406732559206,1870.417590332032
2021/1/20 00:30,11.350530123710632,2017.069970703128
2021/1/20 00:40,10.16568565368652,1846.538763427736
2021/1/20 00:50,10.137571359935558,1881.3493331106104
2021/1/20 01:00,11.176284003257752,1990.049700927736
2021/1/20 01:10,10.606786441802983,1937.6198791503928
2021/1/20 01:20,11.594460058212269,2048.1579162597677
2021/1/20 01:30,10.732287502288823,1998.477380371096
2021/1/20 01:40,10.824970054626464,1987.0266906738293
2021/1/20 01:50,10.874476337432869,1937.513165283205
2021/1/20 02:00,11.212870693206794,1982.9600952148444
2021/1/20 02:10,9.900539088249214,1864.1880493164088
2021/1/20 02:20,10.368314123153684,1936.562426757814
2021/1/20 02:30,10.683913493156425,1941.8545532226576
2021/1/20 02:40,10.75890617370606,1999.6234130859389
2021/1/20 02:50,11.231117630004892,1957.510028076174
2021/1/20 03:00,10.810955429077152,2000.493066406252
2021/1/20 03:10,10.83271062374116,1973.885223388673
2021/1/20 03:20,10.32461800575257,1873.38407
2021/1/20 03:30,10.25873954296112,1843.152978515628
2021/1/20 03:40,9.562924194335933,1719.5737854003933
2021/1/20 03:50,10.424892544746408,1837.4078735351573
2021/1/20 04:00,10.607009291648868,1875.9193878173835
2021/1/20 04:10,10.847616362571712,1965.4447143554703
2021/1/20 04:20,10.122676444053656,1754.9710632324234
2021/1/20 04:30,10.481248259544376,1819.0943481445331
2021/1/20 04:40,11.281960248947152,1974.9064025878936
2021/1/20 04:50,11.388397693634031,2026.0541198730489
2021/1/20 05:00,10.559303569793697,1936.717657470705
2021/1/20 05:10,10.068028450012214,1758.1104003906264
2021/1/20 05:20,10.641535520553598,1879.784313964847
2021/1/20 05:30,10.16048834323883,1847.6997375488304
2021/1/20 05:40,9.856044578552243,1731.937902832032
2021/1/20 05:50,10.154733848571762,1846.3296203613288
2021/1/20 06:00,10.753281641006462,1949.685192871096
2021/1/20 06:10,10.63502008914947,1984.9554992675792
2021/1/20 06:20,11.144772730375603,1988.1295104980488
2021/1/20 06:30,10.901800370216367,1986.129248046876
2021/1/20 06:40,12.023847723007204,2055.071954345705
2021/1/20 06:50,12.209881067275996,2025.6516434518944
2021/1/20 07:00,11.742310333251956,2001.246954345704
2021/1/20 07:10,11.439982962608342,2000.7091857910175
2021/1/20 07:20,11.150964736938484,1982.756835937501
2021/1/20 07:30,11.178585720062248,2012.7136596679695
2021/1/20 07:40,10.881604194641124,1994.8333190917983
2021/1/20 07:50,12.35299797058106,2031.942736816407
2021/1/20 08:00,11.65530774593354,1949.313848876955
2021/1/20 08:10,11.075661609047332,1985.6950012207053
2021/1/20 08:20,11.016694341387067,1963.6456481933612
2021/1/20 08:30,10.29943634334363,1851.2490748355272
2021/1/20 08:40,11.432112312316898,2017.7230102539083
2021/1/20 08:50,11.88954801559449,2002.6496032714872
2021/1/20 09:00,10.84444217681885,1954.5270019531265
2021/1/20 09:10,10.286323475837708,1836.0404113769544
2021/1/20 09:20,11.298592329025272,1995.760620117189
2021/1/20 09:30,11.826546859741232,1976.685223388674
2021/1/20 09:40,10.346633076667796,1929.6014404296895
2021/1/20 09:50,10.703515791893006,1905.417401123049
2021/1/20 10:00,10.25090610980988,1930.278442382813
2021/1/20 10:10,11.687124109268192,2036.8854248046896
2021/1/20 10:20,11.913976335525511,2017.835559082033
2021/1/20 10:30,11.657646679878235,1974.5158447265644
2021/1/20 10:40,11.512023925781245,2024.693072509768
2021/1/20 10:50,12.055441093444816,2014.0143859863297
2021/1/20 11:00,11.142760181426992,1979.8031738281268
2021/1/20 11:10,12.40645809173584,2019.4554138183616
2021/1/20 11:20,13.080685138702396,2069.8892761230504
2021/1/20 11:30,12.747710943222057,2032.4880493164085
2021/1/20 11:40,12.289087343215948,2052.647564697267
2021/1/20 11:50,11.945272731781005,2038.737817382815
2021/1/20 12:00,12.501634216308586,2055.2916178385444
2021/1/20 12:10,11.236529952601389,2041.870214843752
2021/1/20 12:20,11.848599147796628,2032.898727
2021/1/20 12:30,12.014770698547355,2009.9963378906268
2021/1/20 12:40,11.747990274429323,2022.810803
2021/1/20 12:50,12.463222074508664,2037.787597656252
2021/1/20 13:00,12.769855976104733,2043.208349609377
2021/1/20 13:10,11.827939128875736,2035.9165039062525
2021/1/20 13:20,11.818360900878895,2025.9223510742208
2021/1/20 13:30,12.720683908462524,2014.4588623046895
2021/1/20 13:40,13.534538316726689,2037.4637329101597
2021/1/20 13:50,11.820477056503291,2000.1217224121108
2021/1/20 14:00,13.04240913391114,2050.557714843753
2021/1/20 14:10,11.541649627685556,1992.3385375976588
2021/1/20 14:20,12.33658876419066,2022.3135437011747
2021/1/20 14:30,11.21017914,1980.2550842285184
2021/1/20 14:40,12.375904035568231,2046.7483032226592
2021/1/20 14:50,13.014027166366589,2045.5798767089875
2021/1/20 15:00,12.794432830810551,2042.6566406250024
2021/1/20 15:10,12.373880815505974,2049.697687
2021/1/20 15:20,13.688532781600951,2043.7407958984404
2021/1/20 15:30,13.84325113296509,2035.922351
2021/1/20 15:40,11.895933604240414,2050.2418884277367
2021/1/20 15:50,12.12271151542662,2047.355950927736
2021/1/20 16:00,12.281532287597658,2044.227899169924
2021/1/20 16:10,13.224600267410272,2045.9863891601588
2021/1/20 16:20,12.865341663360596,2013.6660156250011
2021/1/20 16:30,13.216284179687497,2052.634765625001
2021/1/20 16:40,12.430106592178344,2046.3716125488293
2021/1/20 16:50,13.212980031967168,2045.8108642578147
2021/1/20 17:00,12.268427133560175,2030.9738464355487
2021/1/20 17:10,11.92015758,1964.306707763674
2021/1/20 17:20,11.450544881820685,2023.2114807128928
2021/1/20 17:30,11.260799050331112,1985.2276184082048
2021/1/20 17:40,11.178121709823609,1952.374209594728
2021/1/20 17:50,10.79998505,1826.2906311035167
2021/1/20 18:00,10.826228141784664,1906.110826280384
2021/1/20 18:10,10.876035690307624,1937.308856201174
2021/1/20 18:20,10.812644624710092,1862.586401367189
2021/1/20 18:30,10.771918416023254,1921.654956054688
2021/1/20 18:40,10.251704311370846,1843.1449707031268
2021/1/20 18:50,9.988636541,1754.570935058596
2021/1/20 19:00,10.860387396812444,1860.667272949221
2021/1/20 19:10,10.339950513839732,1914.3263305664084
2021/1/20 19:20,12.849396276474003,2004.677563476564
2021/1/20 19:30,11.848116588592536,1988.8236328125024
2021/1/20 19:40,12.443100404739374,1996.855975341798
2021/1/20 19:50,11.662844181060787,1963.8532043457049
2021/1/20 20:00,12.04848005771638,1975.302294921877
2021/1/20 20:10,11.87142623098272,1970.4311340332051
2021/1/20 20:20,14.082388469151082,2016.867193603517
2021/1/20 20:30,12.684698104858391,2012.769696044924
2021/1/20 20:40,11.859198379516595,1990.463720703128
2021/1/20 20:50,12.286098670959456,2038.4643233449856
2021/1/20 21:00,13.072963190078738,2028.6561828613308
2021/1/20 21:10,11.279732894897462,1992.4399169921892
2021/1/20 21:20,13.098152446746834,1987.933715820316
2021/1/20 21:30,12.47194650173187,2018.762341308596
2021/1/20 21:40,12.754356384277354,2005.5632141113304
2021/1/20 21:50,14.01513991355896,2052.3167724609384
2021/1/20 22:00,12.849080705642695,2008.4400634765643
2021/1/20 22:10,12.515030097961432,2037.8062805175791
2021/1/20 22:20,12.138842439651487,2028.5366394042996
2021/1/20 22:30,11.934506511688236,2021.1098815917987
2021/1/20 22:40,11.359588766098025,1995.5087768554715
2021/1/20 22:50,11.378058385848998,1989.1410644531272
2021/1/20 23:00,10.249588274955748,1761.200592041018
2021/1/20 23:10,11.905170792027528,2036.4514931126655
2021/1/20 23:20,11.308077669143689,2001.235718
2021/1/20 23:30,10.994185829162602,1882.5058715820323
2021/1/20 23:40,10.128839230537416,1732.0238006591803
2021/1/20 23:50,9.754934763908388,1755.0207031250022
2021/1/21 00:00,9.458992815017698,1612.5314880371106
2021/1/21 00:10,12.783926343917834,2046.3251831054704
2021/1/21 00:20,12.572518301010138,2038.9032348632827
2021/1/21 00:30,12.26900262832642,2055.155688476566
2021/1/21 00:40,11.885000371932971,2052.691839599611
2021/1/21 00:50,11.000459861755374,2005.928192138674
2021/1/21 01:00,10.786861371994013,2041.1830017089876
2021/1/21 01:10,10.536397552490234,1998.3018737792984
2021/1/21 01:20,10.578905487060542,2015.1460327148463
2021/1/21 01:30,10.95692007165207,1980.723645662009
2021/1/21 01:40,11.69785309,2054.597656250002
2021/1/21 01:50,12.174501037597649,2038.4897277832051
2021/1/21 02:00,12.613520009177082,2048.7774047851576
2021/1/21 02:10,12.50561894310846,2057.1945326063387
2021/1/21 02:20,12.342287302017208,2063.340656
2021/1/21 02:30,12.942320251464844,2058.551110839847
2021/1/21 02:40,12.514324522018436,2056.044592285159
2021/1/21 02:50,12.77269611358642,2064.5571350097684
2021/1/21 03:00,11.939499807357782,2021.701574707035
2021/1/21 03:10,11.80929063495836,2035.526470947268
2021/1/21 03:20,12.307282947358631,2040.3352416992216
2021/1/21 03:30,12.038679122924805,2020.66225
2021/1/21 03:40,12.643185520172116,2046.1433044433616
2021/1/21 03:50,11.164756560325635,2035.2052917480487
2021/1/21 04:00,10.849881005287186,1998.5744689941432
2021/1/21 04:10,11.432316493988036,2062.183929443362
2021/1/21 04:20,11.535097169876106,2036.5892822265648
2021/1/21 04:30,11.430256032943726,2019.209985351565
2021/1/21 04:40,9.699750398,1948.676312
2021/1/21 04:50,10.264660978317266,1914.107605
2021/1/21 05:00,10.79746050834657,2024.859766909952
2021/1/21 05:10,11.103741645812985,2032.1187866210955
2021/1/21 05:20,10.876202559471135,2015.245288085939
2021/1/21 05:30,10.494557762145998,2002.4394287109385
2021/1/21 05:40,11.019003915786746,1997.1766174316424
2021/1/21 05:50,11.36881418,2014.078436279299
2021/1/21 06:00,11.18963041305542,2039.459729003908
2021/1/21 06:10,11.39959077835083,2042.8706054687525
2021/1/21 06:20,11.736537361145023,2055.8594421386742
2021/1/21 06:30,11.369371175765988,2028.4470153808609
2021/1/21 06:40,10.64272354,2004.979010009769
2021/1/21 06:50,10.909225463867193,2014.543695068361
2021/1/21 07:00,10.453534555435178,2001.102368164064
2021/1/21 07:10,10.931667327880856,2041.9726440429704
2021/1/21 07:20,10.374977946281437,2038.1247802734392
2021/1/21 07:30,11.812736463546765,2016.9093811035164
2021/1/21 07:40,10.908111476898195,2024.663189697268
2021/1/21 07:50,11.426896238327028,2042.0692199707055
2021/1/21 08:00,10.818640184402463,1897.836950683596
2021/1/21 08:10,10.870615482330315,2031.1040161132837
2021/1/21 08:20,10.954090881347652,2018.9858947753924
2021/1/21 08:30,11.695959711074828,2054.0662414550816
2021/1/21 08:40,11.236890506744375,2023.9722778320331
2021/1/21 08:50,10.753541660308835,2018.4864685058608
2021/1/21 09:00,10.879488205909732,1951.234582519533
2021/1/21 09:10,12.365620613098146,2033.099445
2021/1/21 09:20,13.376805757221426,2058.7122802734384
2021/1/21 09:30,11.291383834112263,2041.6536132812507
2021/1/21 09:40,12.228080147191095,2053.294744873049
2021/1/21 09:50,12.13906512260436,2054.406646728518
2021/1/21 10:00,12.334732532501224,2055.895160875823
2021/1/21 10:10,11.854186487197886,2037.105706787112
2021/1/21 10:20,11.941003370285042,2041.552746582033
2021/1/21 10:30,12.89683818817139,2036.808664422288
2021/1/21 10:40,11.871426230982747,2053.0415874280457
2021/1/21 10:50,12.828773450851433,2046.3417297363296
2021/1/21 11:00,11.819047713279716,2052.213281250003
2021/1/21 11:10,12.593178176879883,2036.7328063964856
2021/1/21 11:20,14.406771516799918,2045.235211181643
2021/1/21 11:30,13.87285833358764,2040.4894104003915
2021/1/21 11:40,12.01597721576691,2055.292846679689
2021/1/21 11:50,12.675409984588622,2056.805963134768
2021/1/21 12:00,12.168338251113894,2048.931542968753
2021/1/21 12:10,12.655877464695973,2042.816836708472
2021/1/21 12:20,11.689351606369016,2008.366442871095
2021/1/21 12:30,11.816801643371576,2044.9449645996112
2021/1/21 12:40,11.842009449005111,2034.4786560058608
2021/1/21 12:50,11.461923837661754,2005.447424316408
2021/1/21 13:00,10.864805221557614,2008.8209777832049
2021/1/21 13:10,10.549836659431458,1979.5230529785167
2021/1/21 13:20,10.969534826278691,1989.4115905761744
2021/1/21 13:30,10.29179944992066,1951.396765136721
2021/1/21 13:40,10.724862623214724,1922.3202514648456
2021/1/21 13:50,9.905105447769165,1831.6510375976584
2021/1/21 14:00,8.39339385,1416.694808959961
2021/1/21 14:10,8.634019684791564,1463.2034271240243
2021/1/21 14:20,9.270750713348386,1693.7619628906264
2021/1/21 14:30,9.863692474365235,1782.4347229003918
2021/1/21 14:40,9.009316372871396,1612.1729492187512
2021/1/21 14:50,9.578479648,1744.929431152345
2021/1/21 15:00,8.742023116663882,1480.9178563168184
2021/1/21 15:10,8.743371343612672,1468.3003295898454
2021/1/21 15:20,8.332358385387218,1260.8959286338415
2021/1/21 15:30,9.117426315943394,1516.5638292100714
2021/1/21 15:40,9.306409025192265,1638.1203125000015
2021/1/21 15:50,7.758407950401304,1127.0586730957036
2021/1/21 16:00,7.683218052512721,853.1701692280019
2021/1/21 16:10,7.268683804,903.0642869737412
2021/1/21 16:20,7.031240630149843,764.3262909
2021/1/21 16:30,7.0881346464157104,661.3303115844726
2021/1/21 16:40,6.346796286733528,543.2993850708008
2021/1/21 16:50,7.311896913191852,839.3271102905277
2021/1/21 17:00,7.163741638785915,878.7129516601568
2021/1/21 17:10,7.755790591239927,958.9481201171876
2021/1/21 17:20,7.131737947463989,858.4368041992191
2021/1/21 17:30,6.793510603904724,629.0419235229493
2021/1/21 17:40,5.667525969053568,446.36808471679694
2021/1/21 17:50,6.4722406296502974,536.6632781982422
2021/1/21 18:00,6.185161757469177,503.2038040161134
2021/1/21 18:10,5.101483154296874,256.1382774353028
2021/1/21 18:20,5.3337082333034935,294.97477298312737
2021/1/21 18:30,5.490775775909424,289.16775970458986
2021/1/21 18:40,5.363529825210572,362.2735656738282
2021/1/21 18:50,5.653494668006897,355.0271163940432
2021/1/21 19:00,5.967646456,479.6109573364259
2021/1/21 19:10,7.014701342582701,648.1290832519533
2021/1/21 19:20,6.953500843048097,616.8565673828126
2021/1/21 19:30,6.629083943367005,570.5954788208007
2021/1/21 19:40,6.700957989692688,641.0096160888672
2021/1/21 19:50,7.102149295806886,722.0256317138673
2021/1/21 20:00,8.054498410224914,981.5960754394536
2021/1/21 20:10,8.562795281410217,1106.5629974365231
2021/1/21 20:20,8.345187163352966,1087.847167968751
2021/1/21 20:30,8.100700498,1083.7971282959004
2021/1/21 20:40,8.108849358558656,1041.870437622071
2021/1/21 20:50,7.897756576538086,954.8521697998052
2021/1/21 21:00,7.927051192835758,1094.451779174806
2021/1/21 21:10,7.325991903032575,831.1673767089844
2021/1/21 21:20,7.187035655975341,740.6518157958985
2021/1/21 21:30,7.298993838,724.8704254150391
2021/1/21 21:40,7.327671289,784.1877225988052
2021/1/21 21:50,7.618966579437256,893.8511474609375
2021/1/21 22:00,7.860650157928468,981.3602691650397
2021/1/21 22:10,8.13351891,1130.2193420410158
2021/1/21 22:20,8.438816356658936,1233.1560943603515
2021/1/21 22:30,8.562498331069946,1190.106323242188
2021/1/21 22:40,8.496304440498353,1275.487158203127
2021/1/21 22:50,8.127281951904298,1044.8822296142594
2021/1/21 23:00,7.929127335548401,946.4453125
2021/1/21 23:10,7.809566235542296,1015.910845947266
2021/1/21 23:20,7.965751218795776,1049.9289398193366
2021/1/21 23:30,7.991497111320496,1052.5992889404297
2021/1/21 23:40,8.101127291,1180.5470092773462
2021/1/21 23:50,8.719295716285709,1270.5002471923838
2021/1/22 00:00,8.054962515830994,1151.1696105957035
2021/1/22 00:10,8.493928599357604,1289.343029785158
2021/1/22 00:20,8.884891915321349,1384.2079711914073
2021/1/22 00:30,8.577812385559083,1315.1708740234385
2021/1/22 00:40,8.865512585639959,1456.9392700195317
2021/1/22 00:50,9.233662581443784,1491.8894470214846
2021/1/22 01:00,8.639885330200194,1401.707843
2021/1/22 01:10,8.815245413780215,1386.5234985351572
2021/1/22 01:20,8.753106409,1376.729410807293
2021/1/22 01:30,8.895082569122314,1391.948999023439
2021/1/22 01:40,8.547759747505186,1332.4487976074236
2021/1/22 01:50,8.433228945732116,1218.6498596191416
2021/1/22 02:00,8.301045513153076,1216.8384918212912
2021/1/22 02:10,8.057913804,1156.2483032226585
2021/1/22 02:20,8.451401782035827,1266.7532165527357
2021/1/22 02:30,8.534826655136913,1350.4998596191415
2021/1/22 02:40,8.419121647,1387.1418823242202
2021/1/22 02:50,8.580281186103822,1324.7138479132416
2021/1/22 03:00,8.576717281341553,1388.7019409179688
2021/1/22 03:10,8.756161022,1416.2413116455086
2021/1/22 03:20,9.781571841239938,1721.038861083985
2021/1/22 03:30,9.938350820541377,1796.914819335938
2021/1/22 03:40,10.263101816177365,1942.254687500002
2021/1/22 03:50,9.154475045204167,1659.004937744142
2021/1/22 04:00,9.404029226303097,1649.2231262207042
2021/1/22 04:10,9.376148486,1686.615820312501
2021/1/22 04:20,9.981601428985597,1765.237329101564
2021/1/22 04:30,9.442397975921638,1664.697729492189
2021/1/22 04:40,9.454277896881106,1726.238177490235
2021/1/22 04:50,9.115735054016112,1729.9184814453135
2021/1/22 05:00,10.154715394973756,1913.618847656252
2021/1/22 05:10,10.379433059692388,2038.1178283691415
2021/1/22 05:20,10.12211956977844,2034.4631958007835
2021/1/22 05:30,10.113042569160465,1976.5571655273448
2021/1/22 05:40,10.26514377593994,1976.141522216798
2021/1/22 05:50,9.962166500091548,1907.9874145507831
2021/1/22 06:00,10.646064758300776,2009.9851745605483
2021/1/22 06:10,10.573503971099852,2048.659399414063
2021/1/22 06:20,10.612225341796876,2034.3196350097676
2021/1/22 06:30,10.534467005729669,2029.1379516601592
2021/1/22 06:40,10.365511035919187,2009.264361572268
2021/1/22 06:50,10.203311872482306,1939.622753906251
2021/1/22 07:00,9.730079460144044,1629.3410095214854
2021/1/22 07:10,9.352072858810429,1596.0821228027355
2021/1/22 07:20,9.013250502,1501.9044128417977
2021/1/22 07:30,8.860009305617389,1404.1803817749033
2021/1/22 07:40,9.023256564,1567.2302307128923
2021/1/22 07:50,8.817602705955503,1533.2201293945325
2021/1/22 08:00,8.693902182579041,1290.322070312501
2021/1/22 08:10,8.042377114,1243.2147979736335
2021/1/22 08:20,9.050005317,1563.0825500488295
2021/1/22 08:30,9.493630313873291,1682.8970764160165
2021/1/22 08:40,9.866309714317316,1792.0297851562505
2021/1/22 08:50,9.430629396438595,1783.2099365234385
2021/1/22 09:00,9.536769628524782,1730.2364379882815
2021/1/22 09:10,9.055110001564028,1601.319293212892
2021/1/22 09:20,9.086703228950505,1605.4461669921884
2021/1/22 09:30,8.455095744132995,1312.1932189941413
2021/1/22 09:40,7.962038516998291,1164.9955932617206
2021/1/22 09:50,7.8930603742599486,1017.031253051758
2021/1/22 10:00,7.417227318,907.0373727898848
2021/1/22 10:10,7.635691309,916.2707641601568
2021/1/22 10:20,7.473343610763548,947.5710632324236
2021/1/22 10:30,7.666393661499024,939.0820068359374
2021/1/22 10:40,7.228300070762634,922.3333251953128
2021/1/22 10:50,6.788684391975403,711.8212738037109
2021/1/22 11:00,6.585469877018649,703.1489922
2021/1/22 11:10,5.745342051982879,539.9317321777344
2021/1/22 11:20,6.429054474830627,628.6727310180664
2021/1/22 11:30,5.726222515106201,449.7171638890318
2021/1/22 11:40,6.144992614,568.2948944091796
2021/1/22 11:50,6.056208121776581,497.6870651245117
2021/1/22 12:00,6.628842616081238,625.062323
2021/1/22 12:10,5.978709745407105,509.0945343017578
2021/1/22 12:20,6.988936686515807,713.3765137
2021/1/22 12:30,5.681412744522095,433.9084930419923
2021/1/22 12:40,5.192513513565064,354.75819549560555
2021/1/22 12:50,5.329959541559218,368.3197059631351
2021/1/22 13:00,5.631321758031844,345.7678928375244
2021/1/22 13:10,5.535678517818451,383.1246078491212
2021/1/22 13:20,5.040653645992279,262.9526229858399
2021/1/22 13:30,5.576386034488678,414.1682022094727
2021/1/22 13:40,5.247885442,263.73204116821296
2021/1/22 13:50,5.615478682518005,344.65043640136724
2021/1/22 14:00,5.594837188720704,376.6437713623049
2021/1/22 14:10,5.915745663642882,469.072065
2021/1/22 14:20,5.127025067806244,328.38997039794924
2021/1/22 14:30,6.246306657791138,474.5114426
2021/1/22 14:40,5.856772685050965,451.22694244384775
2021/1/22 14:50,5.730064988136293,452.9604141235353
2021/1/22 15:00,5.120286822319031,263.8836227416993
2021/1/22 15:10,5.739253377914428,343.0135002136232
2021/1/22 15:20,5.1580615758895885,257.4331535339356
2021/1/22 15:30,5.621919858455659,321.0410217285158
2021/1/22 15:40,5.152177262306214,263.6130722045899
2021/1/22 15:50,4.7312910676002495,201.28037338256848
2021/1/22 16:00,4.912906587123871,209.05450210571288
2021/1/22 16:10,4.860300517082214,211.2296264648438
2021/1/22 16:20,5.340865111351013,260.29777908325207
2021/1/22 16:30,5.055930662155152,234.4885971069337
2021/1/22 16:40,4.885248470306395,187.88013801574712
2021/1/22 16:50,4.295926213264465,131.5848697662353
2021/1/22 17:00,4.865887856483459,232.3027259826661
2021/1/22 17:10,4.871902060508727,238.7910194396974
2021/1/22 17:20,5.1198228836059565,241.3054603576661
2021/1/22 17:30,4.916711866855621,183.62788963317865
2021/1/22 17:40,4.022282801176372,99.92018966674809
2021/1/22 17:50,4.592016673088074,146.85493910940076
2021/1/22 18:00,5.286606860160827,207.9890563964844
2021/1/22 18:10,4.979169983612863,197.6539253234864
2021/1/22 18:20,4.707830792,171.88266296386735
2021/1/22 18:30,5.017584461914866,214.89185791015623
2021/1/22 18:40,4.603916100093298,172.71978225708023
2021/1/22 18:50,4.230122137069701,104.1874027252196
2021/1/22 19:00,4.146495216771176,106.79215736389168
2021/1/22 19:10,4.795962834358216,163.88232269287116
2021/1/22 19:20,4.942012548446656,198.4149916799444
2021/1/22 19:30,4.647035884857178,163.19393157958973
2021/1/22 19:40,3.602207970619202,53.33139544129371
2021/1/22 19:50,3.2743715405464173,38.45570642352105
2021/1/22 20:00,2.150085693597794,-2.776428016
2021/1/22 20:10,2.9346058189868924,7.541030322760366
2021/1/22 20:20,2.8036621034145357,13.45554747581482
2021/1/22 20:30,1.6519313201308254,-0.820523021
2021/1/22 20:40,1.9779187142848969,-0.880275035
2021/1/22 20:50,2.850766360759736,-0.133845961
2021/1/22 21:00,2.400342369079591,-4.91894457
2021/1/22 21:10,3.749097838121302,64.85714800217572
2021/1/22 21:20,4.178128623962402,95.27950735092168
2021/1/22 21:30,4.838638007640839,184.82455291748036
2021/1/22 21:40,4.977689731121064,222.8228630065918
2021/1/22 21:50,6.059141016006469,385.42358093261726
2021/1/22 22:00,5.540541887283324,256.71292343139663
2021/1/22 22:10,6.069090509414673,364.3677070617677
2021/1/22 22:20,6.058175706863404,494.352475
2021/1/22 22:30,4.684105199575425,215.31344790458684
2021/1/22 22:40,4.346026360988617,168.7177591323853
2021/1/22 22:50,4.017822825908661,124.37680053710942
2021/1/22 23:00,2.068353796005249,0.3592760264873463
2021/1/22 23:10,2.4700047701597203,-3.387724957
2021/1/22 23:20,3.3170209705829614,-2.726718524
2021/1/22 23:30,3.6233072161674498,77.94568114876748
2021/1/22 23:40,4.404702532291412,147.21153640747076
2021/1/22 23:50,4.719262516498566,160.89665298461924
2021/1/23 00:00,5.440972566604613,220.67910003662115
2021/1/23 00:10,5.639373272657397,237.7300224
2021/1/23 00:20,5.683135621687946,367.8896915211399
2021/1/23 00:30,4.7480159401893625,205.1164386749268
2021/1/23 00:40,5.305429255962373,358.0895614624025
2021/1/23 00:50,5.687092804908753,459.3036010742188
2021/1/23 01:00,5.162089693546297,346.0066490173342
2021/1/23 01:10,5.4244518995285045,325.78414459228526
2021/1/23 01:20,5.111729609966278,285.7392539978028
2021/1/23 01:30,5.554816365242004,343.7978172302247
2021/1/23 01:40,5.821838068962096,428.5981971740724
2021/1/23 01:50,4.62236625,222.8142395019532
2021/1/23 02:00,5.532894086837769,315.5546836853028
2021/1/23 02:10,5.269733644,239.0385681152344
2021/1/23 02:20,5.563800716400147,274.6396293640137
2021/1/23 02:30,4.750800216197968,199.5714322
2021/1/23 02:40,5.1738583564758285,202.24553604125967
2021/1/23 02:50,4.400971424579621,118.0773972511292
2021/1/23 03:00,4.737114881214342,135.26724853515628
2021/1/23 03:10,4.595803523063659,160.0511149
2021/1/23 03:20,4.710166954994201,198.7855537414551
2021/1/23 03:30,5.529348564,239.7774834
2021/1/23 03:40,5.109836065769196,199.91394882202155
2021/1/23 03:50,4.513645768165588,116.7041058
2021/1/23 04:00,4.107869553565978,95.16003075
2021/1/23 04:10,4.1645408153533925,112.4550916671753
2021/1/23 04:20,5.132519531,282.9573638916015
2021/1/23 04:30,5.833903598785399,396.6496551513672
2021/1/23 04:40,5.944294786453247,456.6492553710938
2021/1/23 04:50,6.108610057830811,482.9802124023437
2021/1/23 05:00,5.6595274925231935,339.9260192871094
2021/1/23 05:10,4.473328102,190.46888122558585
2021/1/23 05:20,4.617630933460435,188.2778248034026
2021/1/23 05:30,4.9721024274826044,230.6732749938965
2021/1/23 05:40,4.675839122972991,169.40599702533936
2021/1/23 05:50,4.404646742343902,194.73551025390628
2021/1/23 06:00,5.369228565692901,343.29154815673826
2021/1/23 06:10,6.052885341644286,481.6586426
2021/1/23 06:20,6.494728660583496,618.0687652587892
2021/1/23 06:30,6.079318475723268,524.3290649414064
2021/1/23 06:40,6.065173768997193,444.8501632690432
2021/1/23 06:50,5.738585138320924,460.66304931640633
2021/1/23 07:00,6.141020178794862,566.6313323974609
2021/1/23 07:10,6.035974979400635,526.5400283813476
2021/1/23 07:20,6.103802347183228,585.1812255859375
2021/1/23 07:30,5.342628407478332,315.64648132324226
2021/1/23 07:40,3.6986777663230894,92.73082237243646
2021/1/23 07:50,3.663910198211672,89.90149402618405
2021/1/23 08:00,5.359093439579009,307.9534706115724
2021/1/23 08:10,4.769065821170807,201.64908218383795
2021/1/23 08:20,4.030352556705474,135.39057388305656
2021/1/23 08:30,4.618319714069367,198.6057548522949
2021/1/23 08:40,4.818738961219787,243.64077835083015
2021/1/23 08:50,4.65214057,213.6402061462404
2021/1/23 09:00,3.827767309389616,97.43022465705867
2021/1/23 09:10,3.2807616174221024,75.02020487785339
2021/1/23 09:20,4.164856392145157,110.4820021
2021/1/23 09:30,3.3356509089469903,56.93232052326202
2021/1/23 09:40,3.930709075927735,92.30922157
2021/1/23 09:50,4.612695384025574,171.44623107910155
2021/1/23 10:00,4.559866428375245,210.2831871032714
2021/1/23 10:10,4.742317152023316,241.7147399902344
2021/1/23 10:20,4.8052626967430125,224.9762031555176
2021/1/23 10:30,5.371047652,387.2296020507814
2021/1/23 10:40,5.524540996551513,354.39059448242193
2021/1/23 10:50,5.296073818206788,307.37406692504885
2021/1/23 11:00,5.095413148403169,279.1165542602542
2021/1/23 11:10,5.595449733734131,395.8194839477539
2021/1/23 11:20,5.753917837142945,390.9424721
2021/1/23 11:30,5.593834698200226,400.52528381347656
2021/1/23 11:40,5.711836564540863,372.0132156372071
2021/1/23 11:50,5.174192368984222,333.03860397338883
2021/1/23 12:00,5.012104511260985,300.8473426818849
2021/1/23 12:10,6.414965510368347,653.2862548828125
2021/1/23 12:20,6.605027031898499,624.8211593627931
2021/1/23 12:30,6.119543433189393,575.7296539306642
2021/1/23 12:40,6.470857179164886,661.2759048461917
2021/1/23 12:50,7.292916178703306,817.3093719482426
2021/1/23 13:00,6.938539409637452,851.5024734497081
2021/1/23 13:10,6.709700918197632,699.9010269165044
2021/1/23 13:20,6.522628068923952,645.2629547119143
2021/1/23 13:30,5.438076925277711,388.1392654418945
2021/1/23 13:40,6.226908826828003,529.2754379272462
2021/1/23 13:50,6.928664207458496,790.2032058715823
2021/1/23 14:00,7.197857594490053,933.3267990112314
2021/1/23 14:10,7.3456707954406735,844.9384063720705
2021/1/23 14:20,6.297242116928101,593.2738624572755
2021/1/23 14:30,7.701551008224487,1105.0130523681653
2021/1/23 14:40,7.259039688110351,784.7526367187501
2021/1/23 14:50,5.786792099475861,515.4751007080079
2021/1/23 15:00,5.986060464382172,535.7797508239748
2021/1/23 15:10,6.446633148193359,571.0079177856445
2021/1/23 15:20,5.838340044021607,413.94632110595705
2021/1/23 15:30,5.714880847930909,352.5163101196289
2021/1/23 15:40,6.116981697,495.6339920043946
2021/1/23 15:50,6.081508803367616,542.737027
2021/1/23 16:00,6.514347151706092,625.3018975508841
2021/1/23 16:10,6.312630581855775,522.1986404418947
2021/1/23 16:20,6.844631695747376,663.4756591796875
2021/1/23 16:30,6.363361811637878,595.1235916137695
2021/1/23 16:40,5.967776370048523,446.6135070800781
2021/1/23 16:50,6.387270307540893,538.8059707641602
2021/1/23 17:00,6.407225060462952,550.2641143798829
2021/1/23 17:10,6.982068490982056,665.2688537597656
2021/1/23 17:20,7.024966502189637,740.4507049560548
2021/1/23 17:30,6.730453824996948,623.6724609
2021/1/23 17:40,6.256924438476563,426.2954742431642
2021/1/23 17:50,5.945474988535831,425.5430201480265
2021/1/23 18:00,6.384390153382955,494.2470205206621
2021/1/23 18:10,7.085721564292906,722.2843887329102
2021/1/23 18:20,6.451607919,570.4807815551759
2021/1/23 18:30,6.657893013954164,638.9513031005861
2021/1/23 18:40,6.44034059,580.0598297119142
2021/1/23 18:50,6.299432563781738,531.7440948486329
2021/1/23 19:00,6.624294900894164,614.6914886
2021/1/23 19:10,6.925564217567444,636.4730301
2021/1/23 19:20,6.857588410377504,592.3844757080079
2021/1/23 19:30,6.408598637580871,551.9085037231446
2021/1/23 19:40,5.912033200263977,490.84823150634776
2021/1/23 19:50,5.644881618,405.8547500610353
2021/1/23 20:00,5.905480694770814,390.4004089
2021/1/23 20:10,6.091606855392458,396.0596099853517
2021/1/23 20:20,5.453372383117676,355.7692474365236
2021/1/23 20:30,5.713496976428562,395.7035081651476
2021/1/23 20:40,5.404757165908814,333.1356964111329
2021/1/23 20:50,4.613604879379272,238.0295623779297
2021/1/23 21:00,4.658785963058472,200.2741935729981
2021/1/23 21:10,4.885304164886475,208.90244293212896
2021/1/23 21:20,5.068683195114135,228.2574676513672
2021/1/23 21:30,5.543548965454102,292.9254508972169
2021/1/23 21:40,5.816213536262511,348.9143875122072
2021/1/23 21:50,6.211427736282349,446.1290359497072
2021/1/23 22:00,5.695631527900696,376.5434494018557
2021/1/23 22:10,5.387104201316833,287.56605224609376
2021/1/23 22:20,4.989885283,260.32176666259755
2021/1/23 22:30,5.188708233833314,300.4904304504395
2021/1/23 22:40,6.527899861335754,439.4171936035157
2021/1/23 22:50,6.659786367416382,559.1661437988282
2021/1/23 23:00,5.920126509666444,475.5224700927735
2021/1/23 23:10,5.692160344123841,411.70279235839854
2021/1/23 23:20,6.251058673858642,516.2519042968751
2021/1/23 23:30,6.6742465734481815,658.0720245361329
2021/1/23 23:40,6.888290715217591,639.8145294189454
2021/1/23 23:50,6.759355664253235,680.7189025878907
2021/1/24 00:00,7.704725098609924,911.8328338623052
2021/1/24 00:10,7.510505819320679,821.4159576416016
2021/1/24 00:20,7.048355174064636,730.2799224853516
2021/1/24 00:30,6.773704457283022,658.5916931152344
2021/1/24 00:40,6.686627721786499,623.1810852050783
2021/1/24 00:50,5.733461928367615,470.70837860107423
2021/1/24 01:00,5.378250002861023,391.24764099121103
2021/1/24 01:10,5.048876976966858,394.7161254882813
2021/1/24 01:20,4.913314998149874,339.2835571289063
2021/1/24 01:30,5.308491992950439,391.6216613769533
2021/1/24 01:40,5.884931898117065,469.0475082397461
2021/1/24 01:50,5.656891632080078,439.5233627319337
2021/1/24 02:00,5.739568948745728,428.98875732421885
2021/1/24 02:10,4.765520263,293.73369064331064
2021/1/24 02:20,4.5124763488769535,229.9657966613769
2021/1/24 02:30,4.907356476783752,190.71533889770507
2021/1/24 02:40,4.086522674560546,163.38074188232426
2021/1/24 02:50,3.958552849292756,121.11161003112792
2021/1/24 03:00,4.074271404743196,107.44088439941405
2021/1/24 03:10,3.5423347197080908,57.96105337142943
2021/1/24 03:20,3.276025579,24.52078528404236
2021/1/24 03:30,3.278199982643128,38.67432308197022
2021/1/24 03:40,3.487057434885127,42.63848054
2021/1/24 03:50,3.1221773749903634,40.60808964779503
2021/1/24 04:00,3.194780099391936,59.12620544433595
2021/1/24 04:10,2.635603415966034,4.225624114274978
2021/1/24 04:20,2.125518834590912,-2.638691032
2021/1/24 04:30,2.293968790769578,-2.774200028
2021/1/24 04:40,2.752481305599212,-4.20291456
2021/1/24 04:50,2.595012718439101,-5.210766017
2021/1/24 05:00,2.799284225702284,-3.317401955
2021/1/24 05:10,2.1140812277793897,-1.8368405
2021/1/24 05:20,1.7212872743606564,-0.908550523
2021/1/24 05:30,2.4664873242378222,-0.741031518
2021/1/24 05:40,2.934937632083892,-5.308866593
2021/1/24 05:50,2.9491688609123243,-2.07744901
2021/1/24 06:00,3.4006677508354186,8.752558637
2021/1/24 06:10,3.906262290477754,90.48142118
2021/1/24 06:20,3.912220788002016,103.39928970336908
2021/1/24 06:30,3.9172327518463135,115.22192726135256
2021/1/24 06:40,4.200459349155426,136.66567459106446
2021/1/24 06:50,4.627415406703949,186.2880004882813
2021/1/24 07:00,5.729712390899658,319.4905960083009
2021/1/24 07:10,5.245825064182283,317.71338119506845
2021/1/24 07:20,5.524726676940917,361.1808898925781
2021/1/24 07:30,6.6916767835617055,543.8318145751953
2021/1/24 07:40,7.446673242669356,836.5946623149673
2021/1/24 07:50,8.441229534149171,1065.3219451904315
2021/1/24 08:00,5.430837584,485.25836563110335
2021/1/24 08:10,7.146903539,700.2665375
2021/1/24 08:20,8.199193167686463,944.2295333862306
2021/1/24 08:30,7.360966348648072,918.1685638
2021/1/24 08:40,5.726668083667756,527.2005287
2021/1/24 08:50,6.075847244262695,641.0251296997071
2021/1/24 09:00,4.993337917,363.1026718139648
2021/1/24 09:10,6.314765131473541,700.3668319702151
2021/1/24 09:20,4.698027110099792,221.43085937499995
2021/1/24 09:30,4.039819371700287,160.2174674987794
2021/1/24 09:40,4.902622938156129,260.13494110107433
2021/1/24 09:50,4.628306293487549,276.4541946411133
2021/1/24 10:00,4.606024578997963,216.81258487701425
2021/1/24 10:10,4.037814688682557,132.92177360936216
2021/1/24 10:20,3.796929085254669,90.51078447401528
2021/1/24 10:30,4.998665380477905,261.7131721496584
2021/1/24 10:40,5.134654284,249.7902923583985
2021/1/24 10:50,5.465122449398041,389.4517799377442
2021/1/24 11:00,5.8791033029556266,451.30594635009766
2021/1/24 11:10,4.286552214622498,191.92537803649904
2021/1/24 11:20,4.070985901355743,141.69686508178717
2021/1/24 11:30,5.424247813224792,265.7333187103271
2021/1/24 11:40,5.092071902751922,287.68505783081054
2021/1/24 11:50,6.431022107601166,514.7980148
2021/1/24 12:00,6.020846557617189,540.7976257
2021/1/24 12:10,5.438596630096436,397.4601097106934
2021/1/24 12:20,4.794533550739288,269.9797508239748
2021/1/24 12:30,4.7606384515762326,248.1944686889649
2021/1/24 12:40,4.515390586853028,270.7357360839845
2021/1/24 12:50,3.8591877222061166,102.7676239013672
2021/1/24 13:00,3.796854841709136,129.34774551391607
2021/1/24 13:10,4.160605549812317,103.03609561920165
2021/1/24 13:20,4.041360074281693,119.39095249176027
2021/1/24 13:30,3.3900947749614723,55.08692521601913
2021/1/24 13:40,2.563450956344604,15.663354754447942
2021/1/24 13:50,3.0577889263629907,34.32714767456055
2021/1/24 14:00,4.105305923,132.12539251227128
2021/1/24 14:10,3.6820643544197074,101.60832852572202
2021/1/24 14:20,3.525452542304992,84.94178905487058
2021/1/24 14:30,4.906678350348222,247.83650528757207
2021/1/24 14:40,5.549823117256165,331.50787734985363
2021/1/24 14:50,5.385155177116394,301.9495765686037
2021/1/24 15:00,4.275507438182831,183.8711607933044
2021/1/24 15:10,4.315862393379211,178.06418762207036
2021/1/24 15:20,4.0795618295669565,144.415827
2021/1/24 15:30,3.6247248649597177,111.26906547546388
2021/1/24 15:40,3.599386906623841,93.38601455688472
2021/1/24 15:50,4.241649496555328,173.0116811752319
2021/1/24 16:00,4.030129760503769,140.5936155319214
2021/1/24 16:10,4.3543980717659005,165.7934139251709
2021/1/24 16:20,5.018916905,202.3997222900392
2021/1/24 16:30,3.4821277022361747,67.12179638743402
2021/1/24 16:40,3.991946852207183,101.2348156929016
2021/1/24 16:50,3.332322359085082,53.45813923478126
2021/1/24 17:00,3.3841124415397643,-1.931803527
2021/1/24 17:10,3.386512536,-2.730453026
2021/1/24 17:20,3.9723187565803513,-3.39306004
2021/1/24 17:30,5.018568730354309,-2.557065547
2021/1/24 17:40,5.800331199169159,-2.44236306
2021/1/24 17:50,4.533074999,-2.634423023
2021/1/24 18:00,4.669874950459129,-2.595056352
2021/1/24 18:10,6.430149968,-1.762550635
2021/1/24 18:20,6.929362559318543,-0.757036519
2021/1/24 18:30,7.372968721,-1.856018467
2021/1/24 18:40,7.344543719291686,-0.647135513
2021/1/24 18:50,7.364193702,-0.909617512
2021/1/24 19:00,8.142947473024066,-1.137758962
2021/1/24 19:10,8.605181360244746,-0.554306512
2021/1/24 19:20,8.097037410736082,-0.760771019
2021/1/24 19:30,7.573912477493286,-1.177434506
2021/1/24 19:40,7.929075145721434,-0.585783014
2021/1/24 19:50,7.751287579536435,-0.800249999
2021/1/24 20:00,8.338499975,-0.890411533
2021/1/24 20:10,8.310749984,-1.375896519
2021/1/24 20:20,5.883356237411497,-1.533812523
2021/1/24 20:30,5.015043771266937,-1.825637047
2021/1/24 20:40,4.124775004386902,-1.726939529
2021/1/24 20:50,3.1899750232696524,-1.550351019
2021/1/24 21:00,5.287425041,-2.070513526
2021/1/24 21:10,6.372281265258789,-1.442584048
2021/1/24 21:20,6.738281297683715,-1.216380021
2021/1/24 21:30,7.012068796157837,-1.282534014
2021/1/24 21:40,7.468218708,-0.843463507
2021/1/24 21:50,7.111518764495848,-1.091541023
2021/1/24 22:00,7.808081174,-1.286802037
2021/1/24 22:10,7.732706212997437,-0.856801014
2021/1/24 22:20,8.562674927711488,-0.973104024
2021/1/24 22:30,7.994381260871887,-1.159295522
2021/1/24 22:40,7.889906167984011,-1.319879012
2021/1/24 22:50,7.545056271553039,-1.062198517
2021/1/24 23:00,7.824487495422363,-1.256926025
2021/1/24 23:10,7.815806245803833,-1.169432008
2021/1/24 23:20,8.062424874305725,-1.694929521
2021/1/24 23:30,8.089893770217897,-1.185970521
2021/1/24 23:40,7.493437504768371,-1.419110015
2021/1/24 23:50,7.3783125400543215,-1.263861521
2021/1/25 00:00,7.778606104850771,-1.976084007
2021/1/25 00:10,8.129437565803528,-1.055796532
2021/1/25 00:20,8.491068768501282,-1.670922012
2021/1/25 00:30,9.897487592697145,-1.500735521
2021/1/25 00:40,9.196105229227165,-2.043585784
2021/1/25 00:50,9.111037517,-1.382832015
2021/1/25 01:00,9.158025169,-2.71604853
2021/1/25 01:10,8.139637494,-2.21349155
2021/1/25 01:20,6.5598937511444095,-3.669946569
2021/1/25 01:30,8.452087497711181,-3.116173536
2021/1/25 01:40,7.847118759155274,-2.224161541
2021/1/25 01:50,3.784500027,-1.68959451
2021/1/25 02:00,4.862043797969819,-1.569023527
2021/1/25 02:10,3.873525011539459,-1.324680519
2021/1/25 02:20,4.170093713700771,-1.929669531
2021/1/25 02:30,5.1372186779975895,-2.518653522
2021/1/25 02:40,5.322262537479401,-0.777843013
2021/1/25 02:50,4.811558779548196,-1.896749471
2021/1/25 03:00,6.772937483257718,-2.10021168
2021/1/25 03:10,7.298043775558471,-0.909617521
2021/1/25 03:20,6.501543760299683,-2.221494024
2021/1/25 03:30,4.638806271553039,-2.738455597
2021/1/25 03:40,7.125225055217743,-1.340685539
2021/1/25 03:50,5.967656230926514,-2.091853519
2021/1/25 04:00,7.301962471,-2.849423552
2021/1/25 04:10,5.225943791866301,-2.136133981
2021/1/25 04:20,7.0587188005447405,-2.497847055
2021/1/25 04:30,6.744671093790155,-2.21295805
2021/1/25 04:40,8.386893701553344,-2.275911011
2021/1/25 04:50,9.020849943161013,-2.581073045
2021/1/25 05:00,8.915718698501584,-3.840132999
2021/1/25 05:10,9.705656242370608,-3.030280038
2021/1/25 05:20,9.331676342908072,-3.528631743
2021/1/25 05:30,9.289556360244752,-4.469129562
2021/1/25 05:40,8.680537438392637,-3.022277534
2021/1/25 05:50,8.960043835639953,-2.951855505
2021/1/25 06:00,9.152793717384338,-3.839066029
2021/1/25 06:10,8.931975054740906,-2.794473003
2021/1/25 06:20,8.438174891471864,-2.959324527
2021/1/25 06:30,8.180062460899354,-4.560891557
2021/1/25 06:40,9.634612655639652,-2.865962029
2021/1/25 06:50,10.013025045394894,-3.664078021
2021/1/25 07:00,9.339356207847604,-3.625666034
2021/1/25 07:10,10.139887475967408,-2.27964554
2021/1/25 07:20,10.83635625839234,-3.452278548
2021/1/25 07:30,9.580934273569216,-3.698755538
2021/1/25 07:40,9.941043711,-2.826483035
2021/1/25 07:50,10.964943742752077,-3.619797534
2021/1/25 08:00,11.480268812179563,-4.420749551
2021/1/25 08:10,10.747650027275087,-3.988446069
2021/1/25 08:20,10.992187404632563,-4.018322015
2021/1/25 08:30,10.452674961090084,-5.50465306
2021/1/25 08:40,9.996037364006048,-3.803321576
2021/1/25 08:50,10.265081310272212,-3.466683024
2021/1/25 09:00,9.953062582015995,-3.399995488
2021/1/25 09:10,9.841012454032894,-2.373008025
2021/1/25 09:20,10.03672497272492,-3.57925154
2021/1/25 09:30,9.679575133323668,-2.670167571
2021/1/25 09:40,9.357768774,-2.678703499
2021/1/25 09:50,8.993193817138676,-2.36767303
2021/1/25 10:00,10.12316250801086,-3.629400492
2021/1/25 10:10,9.28055625,-2.361804548
2021/1/25 10:20,8.383256244659425,-3.324238527
2021/1/25 10:30,8.331525015830994,-3.115640002
2021/1/25 10:40,8.349956154823303,-2.211357516
2021/1/25 10:50,8.599650049209597,-2.548529533
2021/1/25 11:00,9.418799973,-3.196198535
2021/1/25 11:10,8.643862533569337,-2.729919526
2021/1/25 11:20,9.555656313896185,-2.152672547
2021/1/25 11:30,8.719856142997738,-3.047885525
2021/1/25 11:40,9.002981234,-1.892858034
2021/1/25 11:50,8.847862553596496,-2.982798523
2021/1/25 12:00,7.751981234550477,-2.919312042
2021/1/25 12:10,8.367225027,-2.255104536
2021/1/25 12:20,9.581906175613405,-2.27964552
2021/1/25 12:30,9.493443679809577,-2.76139605
2021/1/25 12:40,9.088612604141234,-1.74881303
2021/1/25 12:50,8.463960886001587,-3.035301237
2021/1/25 13:00,8.991506314277652,-2.466454763
2021/1/25 13:10,8.858156252,-2.514385515
2021/1/25 13:20,9.391912436,-1.556219535
2021/1/25 13:30,8.775375032424925,-3.217538524
2021/1/25 13:40,8.393793654441833,-2.161208552
2021/1/25 13:50,8.310449910163879,-2.67283504
2021/1/25 14:00,8.571300053596497,-2.430092508
2021/1/25 14:10,10.131056308746334,-2.48504304
2021/1/25 14:20,9.237375020980831,-2.340464519
2021/1/25 14:30,9.916218662261958,-2.375141999
2021/1/25 14:40,10.664081287384038,-2.115861022
2021/1/25 14:50,9.767403244972227,480.2103354334834
2021/1/25 15:00,8.554367899894716,1355.7599670410164
2021/1/25 15:10,8.189819169044496,1190.5240844726568
2021/1/25 15:20,8.041801643371581,1189.259631347657
2021/1/25 15:30,8.610983538627627,1449.4238891601565
2021/1/25 15:40,10.125590658187868,1942.3955200195323
2021/1/25 15:50,9.690207433700555,1713.5357788085955
2021/1/25 16:00,9.190764760971067,1539.9127929687515
2021/1/25 16:10,8.748475909233093,1279.5313415527355
2021/1/25 16:20,8.806463321050009,1308.8355339898012
2021/1/25 16:30,9.164907240867617,1557.7413452148448
2021/1/25 16:40,8.924132919311525,1323.6785705566422
2021/1/25 16:50,8.864064645767211,1335.7636352539073
2021/1/25 17:00,8.615624094009398,1355.1181091308615
2021/1/25 17:10,9.561439133,1776.4084411621104
2021/1/25 17:20,9.787623453140265,1821.045471191408
2021/1/25 17:30,9.547331857681275,1803.8667663574236
2021/1/25 17:40,9.147699785232543,1502.6721496582054
2021/1/25 17:50,9.365809011459357,1707.9539489746112
2021/1/25 18:00,9.469146537780764,1869.8221557617208
2021/1/25 18:10,9.112468004,1480.5977355957052
2021/1/25 18:20,9.383183574676512,1633.3830383300806
2021/1/25 18:30,9.010764241218563,1499.9825927734378
2021/1/25 18:40,9.375108909606926,1789.1583068847656
2021/1/25 18:50,9.788588643074036,1977.5404479980484
2021/1/25 19:00,9.203387165069582,1669.2882507324234
2021/1/25 19:10,9.473490142822262,1705.204663085938
2021/1/25 19:20,9.214673376083372,1660.4454650878913
2021/1/25 19:30,8.924931097,1532.0618164062505
2021/1/25 19:40,8.958529257774348,1550.8310241699223
2021/1/25 19:50,8.557579255104063,1427.9278289794945
2021/1/25 20:00,8.933321523666383,1605.6526367187512
2021/1/25 20:10,8.76039319,1535.5730468750012
2021/1/25 20:20,9.258907842636107,1569.9928771972673
2021/1/25 20:30,9.451939105987552,1627.6609008789078
2021/1/25 20:40,9.507199502,1733.5843933105486
2021/1/25 20:50,9.328591371,1633.3174316406269
2021/1/25 21:00,9.162159801,1533.848101806642
2021/1/25 21:10,8.856064295768737,1519.2415710449234
2021/1/25 21:20,9.434527397155763,1821.732122802736
2021/1/25 21:30,9.807577896118165,1818.8216857910172
2021/1/25 21:40,9.450287008,1888.623352050782
2021/1/25 21:50,9.492479562759392,1740.412012
2021/1/25 22:00,8.958789181709289,1478.242719
2021/1/25 22:10,8.052400899,1121.9917236328135
2021/1/25 22:20,8.281592059135438,1163.4968994140638
2021/1/25 22:30,8.270157527923583,1177.5421783447282
2021/1/25 22:40,8.696463894844054,1428.9426025390642
2021/1/25 22:50,9.428364658355711,1742.292169189453
2021/1/25 23:00,9.448961258,1896.596621864721
2021/1/25 23:10,9.506253004074098,1797.7706176757815
2021/1/25 23:20,9.397179794311528,1867.0195312500016
2021/1/25 23:30,8.798093653,1540.952081298829
2021/1/25 23:40,8.229802585,1299.562341308596
2021/1/25 23:50,9.063890076,1586.5660217285165
2021/1/26 00:00,8.807714939117432,1594.1122982627471
2021/1/26 00:10,9.030198979377747,1637.6411926269548
2021/1/26 00:20,8.937757897377011,1616.3169311523457
2021/1/26 00:30,8.830373716,1548.240179
2021/1/26 00:40,9.274425888061522,1594.784033203126
2021/1/26 00:50,9.145917677879336,1641.5349121093764
2021/1/26 01:00,9.603241920471188,1926.7912597656257
2021/1/26 01:10,10.006159734725951,1961.6747497558608
2021/1/26 01:20,10.049503159523011,1981.132183837891
2021/1/26 01:30,9.721151066,1779.579254150392
2021/1/26 01:40,9.302863646,1700.4306274414062
2021/1/26 01:50,9.633550694114284,1850.8182312011727
2021/1/26 02:00,10.176322126388548,1957.1872253417985
2021/1/26 02:10,9.982195377,2029.6801115337191
2021/1/26 02:20,9.801359605789182,2028.8487854003924
2021/1/26 02:30,9.538922882,1807.163970947267
2021/1/26 02:40,9.518912768363954,1776.1107421875008
2021/1/26 02:50,9.748270940780644,1892.854266357423
2021/1/26 03:00,9.299652314186096,1785.041564941407
2021/1/26 03:10,8.428384232521054,1334.104360961915
2021/1/26 03:20,7.813408637046815,969.4795379638678
2021/1/26 03:30,7.303793787956238,887.0437927246094
2021/1/26 03:40,6.181319355964661,549.2231491088868
2021/1/26 03:50,5.514999890327454,325.2671127319337
2021/1/26 04:00,5.842089700698852,416.9986495971681
2021/1/26 04:10,5.475814462,387.18424072265634
2021/1/26 04:20,5.716235852241517,444.6287368774416
2021/1/26 04:30,6.591736340522767,596.9867156982423
2021/1/26 04:40,7.371602559089662,814.4741790771485
2021/1/26 04:50,7.358237504959106,821.8198577880861
2021/1/26 05:00,6.318952434941342,557.5047180175782
2021/1/26 05:10,5.8990188704596624,485.8985021254597
2021/1/26 05:20,5.742384306589762,398.8549479166667
2021/1/26 05:30,5.648000192642211,386.17695312500007
2021/1/26 05:40,5.427781329,329.13274468315984
2021/1/26 05:50,5.716978442668915,387.6571157355058
2021/1/26 06:00,5.768971967697143,407.2937316894533
2021/1/26 06:10,6.234946465492249,501.0872680664064
2021/1/26 06:20,6.173634600639343,474.9814956665041
2021/1/26 06:30,6.053020251424689,442.8620974892064
2021/1/26 06:40,5.781297516822815,343.3784812927247
2021/1/26 06:50,4.940082120895386,209.65685348510743
2021/1/26 07:00,4.944444346427917,251.2116027832032
2021/1/26 07:10,5.890147901,314.64550781250006
2021/1/26 07:20,5.400413584709168,257.7906532287598
2021/1/26 07:30,5.817308843135834,353.56151123046885
2021/1/26 07:40,6.639460444450378,492.6904830932618
2021/1/26 07:50,6.511416268348694,589.5060607910157
2021/1/26 08:00,6.3603360652923575,475.8143341064455
2021/1/26 08:10,5.998107481002807,399.9896209716798
2021/1/26 08:20,6.221711373329162,505.2445465087891
2021/1/26 08:30,6.608442544937134,519.9882553100587
2021/1/26 08:40,6.2075853824615495,495.5241607666016
2021/1/26 08:50,6.912292051315309,749.3590759277345
2021/1/26 09:00,7.466828155517578,844.9970855712891
2021/1/26 09:10,7.803830385,929.565918
2021/1/26 09:20,7.256589293479919,708.0977264404297
2021/1/26 09:30,7.281271608252275,814.6075744628906
2021/1/26 09:40,7.666587216513498,888.4560791015625
2021/1/26 09:50,6.608702325820923,661.4882354736328
2021/1/26 10:00,6.242334270477294,535.6655715942383
2021/1/26 10:10,5.897721386,484.1497131347657
2021/1/26 10:20,5.720597982406616,402.55265045166016
2021/1/26 10:30,5.2710309530559325,358.67167358398444
2021/1/26 10:40,6.257128596305848,521.3919723510742
2021/1/26 10:50,6.450438475608827,505.7842455412213
2021/1/26 11:00,6.438168597221375,653.6730560302734
2021/1/26 11:10,6.383557748794556,583.5464630126955
2021/1/26 11:20,7.069924831390379,798.2451751708985
2021/1/26 11:30,7.157799696922301,739.9171173095704
2021/1/26 11:40,7.149316621,827.7239654541015
2021/1/26 11:50,7.066063833236695,874.1834960937504
2021/1/26 12:00,8.055240893363953,1145.362609863282
2021/1/26 12:10,8.180203700065613,1185.666821289064
2021/1/26 12:20,7.512343478202818,870.3516845703123
2021/1/26 12:30,6.579889297485352,140.69809768199926
2021/1/26 12:40,6.596358299255371,650.6415008544925
2021/1/26 12:50,7.104451084136963,768.2504501342777
2021/1/26 13:00,7.587670111656189,816.3057891845705
2021/1/26 13:10,6.792860960960388,596.8709594726563
2021/1/26 13:20,6.513291168,545.1432708740235
2021/1/26 13:30,6.868577408790588,672.2165451049805
2021/1/26 13:40,6.914456994909989,629.6162430612665
2021/1/26 13:50,7.046758794784546,676.3455505371095
2021/1/26 14:00,6.166951942443848,521.1204055786134
2021/1/26 14:10,6.374907779693603,518.9136749
2021/1/26 14:20,6.225312471389771,470.2799743652344
2021/1/26 14:30,6.707046484947204,551.1108108520509
2021/1/26 14:40,6.179203176498413,465.68678894042966
2021/1/26 14:50,6.290503025054932,480.18180541992206
2021/1/26 15:00,6.676511120796205,580.7497116088869
2021/1/26 15:10,6.830115866661072,558.4229064941406
2021/1/26 15:20,6.994561052322387,715.5511749267579
2021/1/26 15:30,7.128508043289185,768.6387778834296
2021/1/26 15:40,7.1940337181091305,925.8028991699224
2021/1/26 15:50,7.747307611,1014.8112365722666
2021/1/26 16:00,8.089915729,1073.598620605469
2021/1/26 16:10,8.238694119,1195.4560943603533
2021/1/26 16:20,8.301583814620972,1236.2906097412117
2021/1/26 16:30,8.533169555664063,1255.4972839355482
2021/1/26 16:40,8.031777883,1237.2568084716806
2021/1/26 16:50,8.886451125144962,1325.7433502197275
2021/1/26 17:00,8.199063134193423,1292.2289184570318
2021/1/26 17:10,8.393134069,1297.2345397949227
2021/1/26 17:20,8.742925906181338,1328.933905029298
2021/1/26 17:30,8.159506487846373,1192.6880981445315
2021/1/26 17:40,9.071463632583615,1417.212872314455
2021/1/26 17:50,7.978503704071045,1069.1169403076167
2021/1/26 18:00,8.192937469482422,1176.200860595704
2021/1/26 18:10,8.497455430030822,1429.1837829589847
2021/1/26 18:20,8.170773792266845,1157.1883758544932
2021/1/26 18:30,8.721226382255553,1529.1940704345711
2021/1/26 18:40,9.620857763290406,1676.4781616210953
2021/1/26 18:50,9.061903778,1566.0759727076493
2021/1/26 19:00,9.010258807076346,1391.970093
2021/1/26 19:10,8.261707193711224,1108.8359698127297
2021/1/26 19:20,8.293472051620482,1173.709262084962
2021/1/26 19:30,7.901840615272522,1062.640911865236
2021/1/26 19:40,8.060995268821717,1083.3350769042984
2021/1/26 19:50,8.213950253,1162.5210571289065
2021/1/26 20:00,8.141055393218993,1215.9816467285175
2021/1/26 20:10,8.499868345,1178.381420898439
2021/1/26 20:20,7.477291584014893,856.1799560546875
2021/1/26 20:30,7.696056485176088,911.8317871093756
2021/1/26 20:40,7.343239092826844,819.2199645996095
2021/1/26 20:50,7.325326323509216,793.9416870117186
2021/1/26 21:00,6.664853930473328,692.9661773681642
2021/1/26 21:10,6.879603481292724,750.8524475097656
2021/1/26 21:20,7.256310963630677,763.5478576660157
2021/1/26 21:30,6.885914778709411,626.5348754882814
2021/1/26 21:40,6.650709390640259,592.4815948486329
2021/1/26 21:50,6.8137066125869765,588.7201904296875
2021/1/26 22:00,6.764534640312196,582.3367823550576
2021/1/26 22:10,6.623592502192446,548.2709125719573
2021/1/26 22:20,6.6183920383453385,552.8058654785157
2021/1/26 22:30,6.554240036010742,512.7588180541993
2021/1/26 22:40,6.69082915,663.3780192057292
2021/1/26 22:50,6.889850068092346,643.3251708984376
2021/1/26 23:00,6.350832080841064,555.8075302124024
2021/1/26 23:10,5.582567405700684,407.6143082
2021/1/26 23:20,6.667656851,618.1082199096679
2021/1/26 23:30,6.808249235153198,662.8460754394531
2021/1/26 23:40,7.019472002983093,746.1018555
2021/1/26 23:50,6.715937995910645,632.5942123413087
2021/1/27 00:00,5.955376613140106,460.9906113
2021/1/27 00:10,5.692067527770996,393.847023
2021/1/27 00:20,5.840474724769593,457.3508728027344
2021/1/27 00:30,6.760952067375183,693.4362304687501
2021/1/27 00:40,7.484091231697484,880.2478187962586
2021/1/27 00:50,7.265115737915039,869.9365878634985
2021/1/27 01:00,6.7457308053970335,631.8638153076173
2021/1/27 01:10,6.403196907043457,641.8531677246094
2021/1/27 01:20,6.596748257,585.1726943969727
2021/1/27 01:30,6.030198097229004,517.8829010009766
2021/1/27 01:40,6.252209473,573.3351608276369
2021/1/27 01:50,7.452994800749279,834.9960083007812
2021/1/27 02:00,7.258445549,749.7469635009766
2021/1/27 02:10,6.797865089617278,732.2491912841797
2021/1/27 02:20,7.2922851085662845,767.2521490799754
2021/1/27 02:30,6.849606585502625,711.1169952392578
2021/1/27 02:40,6.0125306129455565,469.4812889099122
2021/1/27 02:50,5.621975517272949,376.3417861938477
2021/1/27 03:00,5.518712365627289,342.6421783447266
2021/1/27 03:10,5.133039176464081,318.07404785156257
2021/1/27 03:20,5.786327922344207,407.1623855590823
2021/1/27 03:30,5.539483809471131,405.2662353515625
2021/1/27 03:40,5.739401865005494,380.8464103698733
2021/1/27 03:50,5.945798397064208,406.99433898925776
2021/1/27 04:00,5.821671009063719,381.65367889404297
2021/1/27 04:10,5.253714096546174,282.18697052001966
2021/1/27 04:20,5.4635260820388805,312.43621215820315
2021/1/27 04:30,5.635452008247375,351.4113967895509
2021/1/27 04:40,6.015927577018738,419.4544921875001
2021/1/27 04:50,6.1689568042755125,409.6561706542969
2021/1/27 05:00,5.967980575561524,459.7827072143557
2021/1/27 05:10,6.357830214500428,510.23791046142577
2021/1/27 05:20,5.937760829925538,484.33270721435554
2021/1/27 05:30,5.611394834518432,364.8254608154299
2021/1/27 05:40,5.730770444869996,329.4852859497072
2021/1/27 05:50,5.070929169654845,235.03170547485348
2021/1/27 06:00,5.1359164953231815,298.4298508
2021/1/27 06:10,5.517264437675476,352.06331481933603
2021/1/27 06:20,5.561461734771729,331.47213439941413
2021/1/27 06:30,5.412423491477965,339.0259460449221
2021/1/27 06:40,6.597806215286253,535.5610031
2021/1/27 06:50,6.863676929473877,668.7181518554688
2021/1/27 07:00,6.531723761558533,595.4272018432617
2021/1/27 07:10,6.406426787376406,544.0591110229492
2021/1/27 07:20,6.001987075805665,473.570314
2021/1/27 07:30,5.439079284667968,384.3175827026368
2021/1/27 07:40,5.602039432525635,477.8881591796876
2021/1/27 07:50,5.887549161911011,497.6075653076173
2021/1/27 08:00,5.704318809509277,442.8104736328126
2021/1/27 08:10,6.442976379394532,486.5580642700196
2021/1/27 08:20,6.690284609794617,588.5243469238283
2021/1/27 08:30,6.206137347221374,452.9043685913088
2021/1/27 08:40,6.577665925,529.3405457
2021/1/27 08:50,6.227874112129212,436.22667388916034
2021/1/27 09:00,6.295460152626038,460.8641571044923
2021/1/27 09:10,6.01639154,476.5772705078126
2021/1/27 09:20,5.905759096145629,477.6779479980471
2021/1/27 09:30,6.0101175069808965,507.0431076049805
2021/1/27 09:40,6.015630412101745,467.8662872314455
2021/1/27 09:50,5.7397731781005845,399.2282180786133
2021/1/27 10:00,5.419291639328003,358.0341506958009
2021/1/27 10:10,5.609260368347168,342.15402984619146
2021/1/27 10:20,5.042936778068543,238.97823486328124
2021/1/27 10:30,4.521477373022782,180.26338577270516
2021/1/27 10:40,5.040876495838166,243.6895077354029
2021/1/27 10:50,4.5874873876571645,182.26468162536636
2021/1/27 11:00,4.686165642738343,223.78858032226543
2021/1/27 11:10,4.663482344150542,199.54368247985843
2021/1/27 11:20,4.373814487457276,148.71722526550286
2021/1/27 11:30,4.942309617996215,207.21063919067387
2021/1/27 11:40,4.594559741020204,182.83715362548836
2021/1/27 11:50,3.992763531208039,135.64190444946286
2021/1/27 12:00,3.905259776115417,91.50420284271246
2021/1/27 12:10,3.411998522281648,76.37955151
2021/1/27 12:20,3.967444252967835,103.41483039855956
2021/1/27 12:30,3.898261785507201,88.90214862823485
2021/1/27 12:40,3.3350568413734427,50.22633085250855
2021/1/27 12:50,2.902365136146545,40.950890970230105
2021/1/27 13:00,3.334351527690887,54.03738346099853
2021/1/27 13:10,2.7272835731506357,19.005163569003344
2021/1/27 13:20,2.464976948,7.802226197719574
2021/1/27 13:30,3.0690748929977425,33.70176835
2021/1/27 13:40,3.090282075545367,32.77235536014333
2021/1/27 13:50,3.508863423999987,52.50706702784488
2021/1/27 14:00,2.7817644715309138,14.099781441628927
2021/1/27 14:10,3.099944305419922,25.933075493574147
2021/1/27 14:20,3.1964879155158976,30.881486773490916
2021/1/27 14:30,2.618284630775451,7.942497646808626
2021/1/27 14:40,2.6169667005538946,6.012662959098814
2021/1/27 14:50,2.1847305715084064,-8.089184085
2021/1/27 15:00,2.424750036001205,-0.847198021
2021/1/27 15:10,2.884911501407623,-1.454321009
2021/1/27 15:20,2.576908791065217,0.9213545205071568
2021/1/27 15:30,2.8177200555801383,3.4117409959435414
2021/1/27 15:40,2.9222298923291645,17.648865411156095
2021/1/27 15:50,2.436062655950847,-9.252801102
2021/1/27 16:00,2.639325058460236,-1.224803711
2021/1/27 16:10,3.143609595298767,-0.801850522
2021/1/27 16:20,2.750932204723358,13.116338610649112
2021/1/27 16:30,3.0040690302848807,15.856582689285286
2021/1/27 16:40,3.064434230327606,20.122853064537047
2021/1/27 16:50,2.4918182790279384,-10.12709893
2021/1/27 17:00,3.053463804721833,15.939116042852412
2021/1/27 17:10,3.5046625018119806,53.04449710845946
2021/1/27 17:20,3.156188702583312,29.62451939582826
2021/1/27 17:30,3.476002025604248,46.69550256729126
2021/1/27 17:40,3.0830524444580067,15.72766107320787
2021/1/27 17:50,2.5736788034439098,-9.561056077
2021/1/27 18:00,1.7318218916654593,-3.517509031
2021/1/27 18:10,1.4373186528682718,-0.106166503
2021/1/27 18:20,0.5210250154137613,-0.114702504
2021/1/27 18:30,0.530324963,-0.585249518
2021/1/27 18:40,1.0552501022815703,-0.222469503
2021/1/27 18:50,0.973150233,-0.102432002
2021/1/27 19:00,0.7467559069395066,-0.506825012
2021/1/27 19:10,1.035768789052963,-0.554306513
2021/1/27 19:20,1.4870250463485717,-0.602321508
2021/1/27 19:30,2.0410313606262216,-0.566577014
2021/1/27 19:40,2.458481204509735,-0.634865014
2021/1/27 19:50,3.3685312271118173,-4.033260036
2021/1/27 20:00,2.9716499924659727,-3.444276023
2021/1/27 20:10,2.802262490987778,-2.015562994
2021/1/27 20:20,2.7136687397956853,-0.643934513
2021/1/27 20:30,3.100097895,-2.838753537
2021/1/27 20:40,3.080206482,33.297713973020244
2021/1/27 20:50,3.3725986914201216,41.0263391
2021/1/27 21:00,3.900173759460449,77.83945674896242
2021/1/27 21:10,4.046706092357636,95.56392632
2021/1/27 21:20,4.869136202335359,146.16263961792006
2021/1/27 21:30,4.275841689109802,85.54258441925052
2021/1/27 21:40,4.481254196166993,105.26143951416012
2021/1/27 21:50,4.417468572917738,102.22169574938324
2021/1/27 22:00,4.741463279724121,137.38809280395506
2021/1/27 22:10,5.5132921695709225,227.7191337585451
2021/1/27 22:20,5.1036734700202935,218.14164199829105
2021/1/27 22:30,4.307991862297057,150.38177261352547
2021/1/27 22:40,4.152438056468963,123.78406963348384
2021/1/27 22:50,3.4033483922481538,87.29785499572756
2021/1/27 23:00,3.433642363548278,86.01581497
2021/1/27 23:10,3.705833539366722,94.07677245140069
2021/1/27 23:20,3.837525248527528,112.72763309478763
2021/1/27 23:30,4.984167981147767,216.22731704711924
2021/1/27 23:40,5.110096132755279,253.73258056640628
2021/1/27 23:50,4.481235659122467,227.60756683349604
2021/1/28 00:00,4.521182143688202,180.97406044006345
2021/1/28 00:10,4.922744727134705,204.94896392822253
2021/1/28 00:20,4.347604215145111,176.33070220947266
2021/1/28 00:30,3.942143571,163.42290153503427
2021/1/28 00:40,4.095117032527924,183.75856895446773
2021/1/28 00:50,5.2829129815101625,249.96103057861333
2021/1/28 01:00,4.755329465866089,194.01631965637213
2021/1/28 01:10,4.940583324432373,194.99960746765137
2021/1/28 01:20,4.779924845695495,198.8970958709717
2021/1/28 01:30,4.162684643268586,194.90355529785165
2021/1/28 01:40,5.542992162704467,328.0884613037111
2021/1/28 01:50,5.741926455497742,330.90015945434584
2021/1/28 02:00,5.154349052906037,247.7622898101808
2021/1/28 02:10,4.970413184165954,259.1436576843263
2021/1/28 02:20,3.835706174373628,113.08463153839116
2021/1/28 02:30,3.7766217231750487,124.5357807159424
2021/1/28 02:40,4.398242723941803,144.998407
2021/1/28 02:50,4.870547008514403,198.3160362243653
2021/1/28 03:00,4.672243845462798,160.4618124008178
2021/1/28 03:10,4.058456099033355,168.00864372253417
2021/1/28 03:20,3.676996708,139.55314521789552
2021/1/28 03:30,4.573602735996246,242.62761001586924
2021/1/28 03:40,4.894566917419432,231.46017684936535
2021/1/28 03:50,4.112287449836732,192.62643394470223
2021/1/28 04:00,5.322908351295872,271.9100662231445
2021/1/28 04:10,5.126115369796752,220.30197448730465
2021/1/28 04:20,4.680114388465881,149.48175849914554
2021/1/28 04:30,3.731830441951752,85.10926179885858
2021/1/28 04:40,3.706195521354676,64.23160514831542
2021/1/28 04:50,3.691716897487641,80.33728007266394
2021/1/28 05:00,4.482163763046264,144.30809059143067
2021/1/28 05:10,4.080693995952606,122.84240341186536
2021/1/28 05:20,3.717258787155152,98.22887649536132
2021/1/28 05:30,3.974757934,110.5892349243164
2021/1/28 05:40,4.708774733543397,171.15329360961928
2021/1/28 05:50,4.685645925998687,193.22662811279295
2021/1/28 06:00,4.760545492172242,199.68781509399403
2021/1/28 06:10,4.506889009475708,246.26684036254883
2021/1/28 06:20,5.192921850416395,303.3026546902128
2021/1/28 06:30,6.206463838878432,579.1473436857525
2021/1/28 06:40,7.165442913770675,723.9451503753662
2021/1/28 06:50,7.896772861480713,1020.214874267579
2021/1/28 07:00,7.700177526473998,1064.8524230957034
2021/1/28 07:10,8.791223450710895,1412.2862335205093
2021/1/28 07:20,9.530087233,1696.0657775878929
2021/1/28 07:30,10.216083002090452,1865.9908813476577
2021/1/28 07:40,9.455001902580264,1752.0275814658737
2021/1/28 07:50,10.246191501617435,1825.8958068847676
2021/1/28 08:00,9.934434199333186,1738.1685180664074
2021/1/28 08:10,10.423593139648435,1952.7946655273447
2021/1/28 08:20,10.33020520210266,1915.0433959960944
2021/1/28 08:30,9.920809268951423,1887.506671142581
2021/1/28 08:40,10.71758611,1982.671466064456
2021/1/28 08:50,9.772587585,1712.7915100097666
2021/1/28 09:00,10.096633267402646,1838.4647888183608
2021/1/28 09:10,9.257413268089296,1685.3625946044938
2021/1/28 09:20,9.240512084960937,1624.060614013674
2021/1/28 09:30,9.715712261,1741.4118469238292
2021/1/28 09:40,10.30382792949677,1843.9175231933596
2021/1/28 09:50,10.485335048876312,1978.996984863282
2021/1/28 10:00,8.527229571342469,1448.6497344970712
2021/1/28 10:10,7.585702491,940.4921682257404
2021/1/28 10:20,8.138530755043027,1243.629895019532
2021/1/28 10:30,8.595465446,1255.7336212158204
2021/1/28 10:40,8.672778201,1336.1302001953134
2021/1/28 10:50,8.179572463035582,1226.116653442383
2021/1/28 11:00,8.401190257072447,1263.6715423583987
2021/1/28 11:10,8.591511511802677,1324.941448974611
2021/1/28 11:20,8.079168009757993,1155.9292175292976
2021/1/28 11:30,8.677114178152648,1301.0467637005984
2021/1/28 11:40,6.326729222347862,591.4646654630964
2021/1/28 11:50,7.491423559188843,871.4881149291994
2021/1/28 12:00,8.435419559478762,1217.8031311035168
2021/1/28 12:10,8.912027976092169,1572.6360330020675
2021/1/28 12:20,11.374908497459009,2009.751805355676
2021/1/28 12:30,9.971800446510318,1583.0196166992196
2021/1/28 12:40,8.220669818,1166.355026245118
2021/1/28 12:50,8.115049242973328,1178.2042785644535
2021/1/28 13:00,8.069608283042907,1031.8064025878914
2021/1/28 13:10,7.811719346046447,951.4173004150394
2021/1/28 13:20,7.676281552565727,867.5772827148446
2021/1/28 13:30,5.451590299606323,374.6265178479648
2021/1/28 13:40,5.879325985908507,464.6981475830079
2021/1/28 13:50,6.432265865802764,562.7424133300782
2021/1/28 14:00,6.664891052246094,699.1076843261719
2021/1/28 14:10,7.0853688478469845,777.1049591064456
2021/1/28 14:20,7.389348411560059,837.1216309
2021/1/28 14:30,7.7580923557281505,893.9648040771488
2021/1/28 14:40,6.109371066093446,452.0571449279787
2021/1/28 14:50,7.380809640884399,843.9823273
2021/1/28 15:00,7.935726692802028,1139.5022766113286
2021/1/28 15:10,8.207954621315004,1079.4045257568364
2021/1/28 15:20,7.100515770912172,658.7213407817641
2021/1/28 15:30,6.236988282203674,488.2755447387696
2021/1/28 15:40,6.350182509422304,471.1075027465821
2021/1/28 15:50,5.158154285,245.4180282592773
2021/1/28 16:00,5.279794383049012,260.3670921325684
2021/1/28 16:10,6.086000919342041,499.3879821777344
2021/1/28 16:20,5.941454696655273,445.1510773
2021/1/28 16:30,6.4347717523574826,544.0111000061036
2021/1/28 16:40,7.172612500190735,685.2043457031248
2021/1/28 16:50,5.590474963188171,298.4806304931641
2021/1/28 17:00,5.254400849342348,212.4456276
2021/1/28 17:10,5.157300591468811,249.23111114501967
2021/1/28 17:20,5.435459566116332,287.98219070434595
2021/1/28 17:30,5.079467916488647,216.50897903442385
2021/1/28 17:40,4.577073872089385,157.6357398986816
2021/1/28 17:50,4.662182962894439,177.5471595764161
2021/1/28 18:00,5.341217672824859,290.8755783081056
2021/1/28 18:10,5.829096031188964,363.3600824529476
2021/1/28 18:20,6.064325287228539,415.12327880859385
2021/1/28 18:30,5.002284955978394,268.2538017
2021/1/28 18:40,4.529553866386413,183.4555747985841
2021/1/28 18:50,5.216366314888001,290.49992065429694
2021/1/28 19:00,5.315694212913514,344.6290924072267
2021/1/28 19:10,5.832282919632761,460.1311870374179
2021/1/28 19:20,6.210889434814453,510.90375976562507
2021/1/28 19:30,5.932618951797488,479.53465270996105
2021/1/28 19:40,6.072710204,519.7923965454102
2021/1/28 19:50,6.998978972434996,675.8376098632813
2021/1/28 20:00,6.917136883735656,694.9669250488282
2021/1/28 20:10,6.308565306663514,626.4457595825195
2021/1/28 20:20,6.188001823425294,488.1245697021485
2021/1/28 20:30,6.549692082405092,541.4629592895509
2021/1/28 20:40,5.351278567314148,336.05147781372085
2021/1/28 20:50,6.002506804466248,388.34892959594737
2021/1/28 21:00,6.342794585227965,582.6768127441406
2021/1/28 21:10,6.898351621627808,716.0447235107423
2021/1/28 21:20,6.908635258674622,773.0394302368165
2021/1/28 21:30,6.683954716,631.6594604492186
2021/1/28 21:40,6.649966835975647,718.1441802978516
2021/1/28 21:50,7.209366345405579,822.0279327392578
2021/1/28 22:00,7.301789021492004,871.857309
2021/1/28 22:10,9.239472746849064,1379.2727722167976
2021/1/28 22:20,8.251836347579957,1314.2499725341802
2021/1/28 22:30,8.514607095718384,1238.1856811523442
2021/1/28 22:40,8.740104389190673,1270.059
2021/1/28 22:50,6.648686003684998,698.2748458862309
2021/1/28 23:00,7.307060766220093,732.4871398925782
2021/1/28 23:10,7.593610167503357,883.6553284
2021/1/28 23:20,7.605620050430298,830.7288269042971
2021/1/28 23:30,7.637677431106567,1043.0207580566414
2021/1/28 23:40,8.255400371551515,1293.1845092773451
2021/1/28 23:50,7.993799043,1146.878909301758
2021/1/29 00:00,8.324527121,1245.0538665771487
2021/1/29 00:10,9.339450407,1671.902569580078
2021/1/29 00:20,9.074786281585686,1652.205569458008
2021/1/29 00:30,9.718496680259705,1707.243310546876
2021/1/29 00:40,8.803866458,1376.5074737548844
2021/1/29 00:50,8.748810100555422,1365.2419281005873
2021/1/29 01:00,9.206914162635798,1556.3637573242197
2021/1/29 01:10,8.727481889724732,1434.8232177734385
2021/1/29 01:20,9.121303844451912,1598.828759765627
2021/1/29 01:30,10.00875837802888,1843.6977050781277
2021/1/29 01:40,10.024164300215874,1931.891326904298
2021/1/29 01:50,10.832487773895252,2060.3869995117207
2021/1/29 02:00,11.008386135101317,2022.017437
2021/1/29 02:10,11.56676478385926,2060.794116
2021/1/29 02:20,11.765903234481808,2055.1130310058606
2021/1/29 02:30,11.12252693176271,2048.952331542971
2021/1/29 02:40,11.514771127700802,2057.843151855471
2021/1/29 02:50,11.377223062515249,2042.4250732421897
2021/1/29 03:00,10.38435206413269,2012.8102294921905
2021/1/29 03:10,10.26701841,2019.834191894533
2021/1/29 03:20,10.262322163581846,1974.332324218752
2021/1/29 03:30,10.262582015991203,1995.5504150390643
2021/1/29 03:40,9.726422739028926,1791.1440979003924
2021/1/29 03:50,9.739453649520872,1713.1164367675804
2021/1/29 04:00,7.839043402671811,1088.1800811767582
2021/1/29 04:10,7.620822715759279,949.3327881
2021/1/29 04:20,8.350885844230652,1228.3329406738296
2021/1/29 04:30,8.592513871192933,1388.7147308349615
2021/1/29 04:40,8.628785061836242,1360.2005737304696
2021/1/29 04:50,8.020937371253968,1080.1269348144529
2021/1/29 05:00,7.462587429926947,944.6435782
2021/1/29 05:10,7.630252504348755,843.3228637695318
2021/1/29 05:20,7.1241936934621695,819.1836868286134
2021/1/29 05:30,6.996162732,782.6761169433594
2021/1/29 05:40,8.072991496638247,1207.6796168277149
2021/1/29 05:50,9.166744828224177,1487.0236022949234
2021/1/29 06:00,9.498196936,1427.2513305664056
2021/1/29 06:10,8.124646115,1115.664529418946
2021/1/29 06:20,7.9992192506790145,1208.397479248047
2021/1/29 06:30,8.279457283,1151.169607543946
2021/1/29 06:40,7.850088191,906.9451446533212
2021/1/29 06:50,7.757888078689575,997.1395202636724
2021/1/29 07:00,7.823618030548097,1024.8501892089853
2021/1/29 07:10,8.616218233,1420.4700927734398
2021/1/29 07:20,8.909041690826415,1586.0437194824249
2021/1/29 07:30,9.669491696357724,1687.8477539062508
2021/1/29 07:40,9.590471196174622,1563.2031372070328
2021/1/29 07:50,8.083047509193424,1142.2206329345713
2021/1/29 08:00,7.313650488853455,885.7740203857435
2021/1/29 08:10,8.795179367,1147.3644317626968
2021/1/29 08:20,8.245525122,1225.3494567871107
2021/1/29 08:30,8.025448132,1072.9621154785173
2021/1/29 08:40,7.480527377128601,804.6342193603515
2021/1/29 08:50,7.031667494773865,725.6296448
2021/1/29 09:00,6.774428319931031,618.0986267089845
2021/1/29 09:10,6.073712587356567,432.3991241455079
2021/1/29 09:20,6.873051023483276,643.7588989257813
2021/1/29 09:30,7.007796168327332,765.7022735595704
2021/1/29 09:40,6.382351279258728,678.0459274291991
2021/1/29 09:50,6.716791749000551,654.3655822753907
2021/1/29 10:00,6.064876794815064,529.7396408081056
2021/1/29 10:10,6.748255181312563,650.1608215332031
2021/1/29 10:20,7.282372546195984,814.6566741943362
2021/1/29 10:30,7.006441116333008,740.2143295288084
2021/1/29 10:40,7.830838847160339,979.0191162109384
2021/1/29 10:50,6.930687642097473,784.177504
2021/1/29 11:00,7.411047863960266,840.1728683471686
2021/1/29 11:10,7.360762047767642,880.7704925537113
2021/1/29 11:20,7.630590730243258,951.2198164198132
2021/1/29 11:30,7.084960412979124,796.4455749511724
2021/1/29 11:40,6.902249670028686,767.1513367
2021/1/29 11:50,8.039351415634158,1182.9372222900397
2021/1/29 12:00,7.608627057,1098.2105224609395
2021/1/29 12:10,8.916039705276491,1434.2614013671875
2021/1/29 12:20,8.165279269218443,1194.441296
2021/1/29 12:30,8.935419106483456,1564.863494873048
2021/1/29 12:40,9.916632676124577,1649.2765075683608
2021/1/29 12:50,8.514477062,1152.648001098633
2021/1/29 13:00,7.677180390608935,919.9073615
2021/1/29 13:10,7.353856801986694,834.2901489257818
2021/1/29 13:20,8.014681839942932,1040.0105606079117
2021/1/29 13:30,9.163533520698545,1331.1741943359375
2021/1/29 13:40,8.769210386276242,1316.1157318115238
2021/1/29 13:50,7.509262037277222,811.2687362670897
2021/1/29 14:00,6.693570184707641,728.5229675292969
2021/1/29 14:10,6.055892562866211,462.0470108032228
2021/1/29 14:20,5.746734070777893,391.2204315185549
2021/1/29 14:30,7.391891336,922.1124282836918
2021/1/29 14:40,6.952442741394043,782.1809814453126
2021/1/29 14:50,7.586983275413514,938.0506668090824
2021/1/29 15:00,7.525522828102112,972.5281585693364
2021/1/29 15:10,7.344148755073546,857.6381072998047
2021/1/29 15:20,6.3643085241317765,537.4929306030275
2021/1/29 15:30,6.3934145212173465,502.5987548828126
2021/1/29 15:40,6.815711402893067,607.1350418090822
2021/1/29 15:50,5.637883591651916,348.6940521240235
2021/1/29 16:00,5.0592162728309615,270.64774322509777
2021/1/29 16:10,5.970894837379456,366.68164901733405
2021/1/29 16:20,4.9981642127037045,194.9846893310548
2021/1/29 16:30,5.554259467124939,253.2102455139161
2021/1/29 16:40,4.665839791297913,146.27520027160648
2021/1/29 16:50,5.447488057613373,274.4507545471191
2021/1/29 17:00,6.127116870880127,460.5526077270509
2021/1/29 17:10,6.467905831336976,538.3828521728517
2021/1/29 17:20,7.107086968421937,681.6808654785158
2021/1/29 17:30,6.568718767166137,607.5144088745118
2021/1/29 17:40,6.689968919754028,651.0619293212892
2021/1/29 17:50,5.969164397981432,373.7693854437937
2021/1/29 18:00,5.878453684,333.3320144653322
2021/1/29 18:10,5.307211256027221,300.97058029174804
2021/1/29 18:20,6.063224744796752,382.7377899169924
2021/1/29 18:30,6.641984915733336,501.8107238769532
2021/1/29 18:40,5.464268589019776,283.1191207885743
2021/1/29 18:50,5.542658042907715,290.69098434448244
2021/1/29 19:00,5.389225257070441,334.0886583830182
2021/1/29 19:10,5.627414357662199,376.0067077636719
2021/1/29 19:20,5.254029691219329,362.79270401000986
2021/1/29 19:30,6.788777184486389,598.3055999755859
2021/1/29 19:40,5.6704793691635125,356.8624938964846
2021/1/29 19:50,5.420535302,323.8980628967287
2021/1/29 20:00,5.100684833526612,218.0279190063477
2021/1/29 20:10,5.011621975898741,238.88005599975597
2021/1/29 20:20,5.174934864044189,265.0056106567384
2021/1/29 20:30,4.403978502750396,177.35726661682125
2021/1/29 20:40,4.187521123886108,146.77301254272453
2021/1/29 20:50,4.004383588,90.60420894622804
2021/1/29 21:00,2.2807998180389406,14.150267899036413
2021/1/29 21:10,2.093429905176164,1.8796734303236071
2021/1/29 21:20,2.1438456475734715,-2.510241917
2021/1/29 21:30,2.4276542484760286,-0.881875527
2021/1/29 21:40,1.7974874973297117,-0.709555029
2021/1/29 21:50,2.9687882363796243,14.913822427391995
2021/1/29 22:00,2.9329189181327817,15.812536644935614
2021/1/29 22:10,2.3151122257113457,2.0188041076064107
2021/1/29 22:20,2.0837624758481974,-0.613525015
2021/1/29 22:30,3.871228945,63.42307166457184
2021/1/29 22:40,5.689586099825408,288.4086500469006
2021/1/29 22:50,5.733443295955658,364.55918960571296
2021/1/29 23:00,5.607812428474426,317.9422729492188
2021/1/29 23:10,5.482255601882935,331.6242500305177
2021/1/29 23:20,6.079763865470886,478.7914184570312
2021/1/29 23:30,6.001225996017457,405.8237602233887
2021/1/29 23:40,5.341978836,261.4549423217774
2021/1/29 23:50,4.519604432582855,177.96445884704593
2021/1/30 00:00,5.572915893,341.4806732177736
2021/1/30 00:10,5.161792659759522,280.7976875305178
2021/1/30 00:20,4.922354912757873,196.4633423654656
2021/1/30 00:30,4.318498253822327,159.41025943756114
2021/1/30 00:40,4.167919242382049,130.22805349826805
2021/1/30 00:50,5.023093545,218.3752861022949
2021/1/30 01:00,5.212264037132263,256.9839092254639
2021/1/30 01:10,5.570501708984375,357.44561157226565
2021/1/30 01:20,5.345301532745362,366.5268798828125
2021/1/30 01:30,5.838878357410431,445.1873794555666
2021/1/30 01:40,5.680014324188233,414.11042785644537
2021/1/30 01:50,5.311721945,340.1148453
2021/1/30 02:00,6.352189139315957,665.3849206221729
2021/1/30 02:10,7.406982803344725,812.0172378540043
2021/1/30 02:20,7.347694087028502,957.6745635986337
2021/1/30 02:30,7.758185172080997,1077.5691741943365
2021/1/30 02:40,8.443531155586246,1232.3333801269537
2021/1/30 02:50,7.437870669364929,855.5668975830083
2021/1/30 03:00,10.314408540725712,1857.941967773439
2021/1/30 03:10,8.615568447113038,1474.7304565429702
2021/1/30 03:20,9.379656791687012,1663.2358612060568
2021/1/30 03:30,8.464766812324529,1325.4088500976566
2021/1/30 03:40,9.990010404586789,1796.4250701904318
2021/1/30 03:50,10.140088105201723,1597.8854492187509
2021/1/30 04:00,9.324581814,1667.4550537109394
2021/1/30 04:10,8.922759318,1586.3691680908216
2021/1/30 04:20,9.459828114509582,1627.6203552246106
2021/1/30 04:30,10.48609321117401,1865.999395751954
2021/1/30 04:40,9.869354033470152,1767.8126953125015
2021/1/30 04:50,9.216826534271236,1749.6000000000015
2021/1/30 05:00,9.032500767707823,1586.557513427736
2021/1/30 05:10,9.047276639938351,1579.570846557618
2021/1/30 05:20,9.217661762237544,1741.1813476562522
2021/1/30 05:30,8.911064910888673,1495.824252319337
2021/1/30 05:40,9.153064322471618,1537.323550415041
2021/1/30 05:50,8.496490002,1378.404180908204
2021/1/30 06:00,8.927864027,1493.0631744384789
2021/1/30 06:10,10.17739877700805,1811.6398010253915
2021/1/30 06:20,9.201493835,1730.9545959472678
2021/1/30 06:30,8.540873027,1518.0368530273456
2021/1/30 06:40,9.338633585,1709.2445861816414
2021/1/30 06:50,8.446241307258605,1463.1426483154307
2021/1/30 07:00,9.417115759849548,1829.7468750000007
2021/1/30 07:10,9.740585756301874,1759.559997558595
2021/1/30 07:20,8.603447222709653,1467.1628295898445
2021/1/30 07:30,8.615958356857293,1512.0036499023452
2021/1/30 07:40,8.343720602989192,1325.1431182861338
2021/1/30 07:50,8.764829611778259,1523.8987701416029
2021/1/30 08:00,9.033169150352473,1553.353546
2021/1/30 08:10,9.103428125381477,1457.203906250001
2021/1/30 08:20,8.198654747009275,1360.123202514649
2021/1/30 08:30,9.027526164054873,1619.740625
2021/1/30 08:40,9.904715586,1919.200149536136
2021/1/30 08:50,9.442509317398072,1864.6500915527365
2021/1/30 09:00,9.192880821228028,1717.761920166017
2021/1/30 09:10,8.879675674438479,1571.4675476074226
2021/1/30 09:20,8.314299178123475,1415.0579406738298
2021/1/30 09:30,9.232122016,1526.2303283691413
2021/1/30 09:40,9.808691787719724,1813.0456726074244
2021/1/30 09:50,8.834958696365359,1537.084527587893
2021/1/30 10:00,9.129432301772272,1713.9129943847668
2021/1/30 10:10,9.232567405700683,1826.613415527344
2021/1/30 10:20,9.232416826135973,1669.5954087201303
2021/1/30 10:30,10.156571507453922,1737.293071546054
2021/1/30 10:40,8.706190586090083,1796.2089813232435
2021/1/30 10:50,10.195979809761058,1866.564965820314
2021/1/30 11:00,8.766054701805114,1549.1018402099617
2021/1/30 11:10,9.146270418167116,1641.3177795410168
2021/1/30 11:20,7.981500878053553,1180.5159505208337
2021/1/30 11:30,8.048187136650087,1305.3196807861343
2021/1/30 11:40,7.9892327070236195,1160.7640284488086
2021/1/30 11:50,7.833641695976256,1309.2299591064475
2021/1/30 12:00,7.024038314819339,1034.228629
2021/1/30 12:10,7.891612386703488,1290.776138305666
2021/1/30 12:20,8.132999229431155,1344.1438507080077
2021/1/30 12:30,7.452961993217469,1046.779486083985
2021/1/30 12:40,7.274075174331665,998.7796035766604
2021/1/30 12:50,7.459830129146579,1187.001172
2021/1/30 13:00,7.770640611648561,1098.4484771728532
2021/1/30 13:10,7.756960034370424,1234.2956939697278
2021/1/30 13:20,7.978002333641049,1211.819543457032
2021/1/30 13:30,7.955560207366945,1212.4533843994143
2021/1/30 13:40,7.553997755050657,1204.131317138672
2021/1/30 13:50,7.552512788772579,1076.138766479492
2021/1/30 14:00,8.432003927230832,1250.3625457763685
2021/1/30 14:10,8.517781305313111,1431.8690551757825
2021/1/30 14:20,8.059955788,1407.1290954589845
2021/1/30 14:30,8.514124464988708,1410.981741
2021/1/30 14:40,7.645510840415954,1324.0317779541017
2021/1/30 14:50,8.901468205,1503.1822082519543
2021/1/30 15:00,7.641983985900879,1030.463500976563
2021/1/30 15:10,8.731899666786195,1398.2340393066404
2021/1/30 15:20,7.695462513,1224.2220642089849
2021/1/30 15:30,9.041954191,1462.7984876130763
2021/1/30 15:40,8.539969977,1320.6079604204974
2021/1/30 15:50,8.719796872138973,1582.004846191407
2021/1/30 16:00,9.065147475192424,1729.6997253417985
2021/1/30 16:10,9.289073376,1574.768005371095
2021/1/30 16:20,9.637947057422837,1719.421200561525
2021/1/30 16:30,9.029258632659907,1666.5227181570876
2021/1/30 16:40,8.592927708,1543.501342773439
2021/1/30 16:50,7.819923996925356,1353.2198120117191
2021/1/30 17:00,7.600960779190061,1194.598150634767
2021/1/30 17:10,7.452887797355652,1031.2477935791023
2021/1/30 17:20,7.252895379066468,997.7440338134768
2021/1/30 17:30,6.8579224348068255,1011.461163330078
2021/1/30 17:40,7.730824089050292,1075.799438476563
2021/1/30 17:50,7.937795937061312,1268.620037841798
2021/1/30 18:00,7.978484940528867,1180.544342041016
2021/1/30 18:10,7.919456171989443,1114.887713623048
2021/1/30 18:20,8.515627956390386,1313.551068115236
2021/1/30 18:30,8.853855395317074,1590.6827850341797
2021/1/30 18:40,8.069144225120544,1192.6800720214849
2021/1/30 18:50,8.211499929428097,1362.151672363282
2021/1/30 19:00,8.639124298095705,1313.7868621826178
2021/1/30 19:10,8.182709575,1398.8556213378915
2021/1/30 19:20,8.715249205,1508.7725799560567
2021/1/30 19:30,8.746842575073241,1518.734701538087
2021/1/30 19:40,8.664573645591732,1526.531756591798
2021/1/30 19:50,9.163329339027408,1599.3105468750011
2021/1/30 20:00,8.714562321,1473.3304901123065
2021/1/30 20:10,7.317325758934021,1078.5028625488287
2021/1/30 20:20,7.969240832328796,1263.1449340820325
2021/1/30 20:30,7.782520699501037,1073.932608032227
2021/1/30 20:40,7.120062255859375,1054.068621826172
2021/1/30 20:50,7.996694660186767,1162.531198120118
2021/1/30 21:00,7.329651260375972,1014.1891143798832
2021/1/30 21:10,7.830506600831685,1182.052652
2021/1/30 21:20,8.547295713424683,1357.5563690185563
2021/1/30 21:30,7.897088408470152,1282.8910186767582
2021/1/30 21:40,8.000629997253418,1123.8788177490228
2021/1/30 21:50,7.632721281051637,979.7447265625004
2021/1/30 22:00,7.035287189483642,945.8392181396492
2021/1/30 22:10,7.606436777114867,990.5023712158206
2021/1/30 22:20,7.252431366178724,919.4397188074452
2021/1/30 22:30,7.572931456565857,1067.441101
2021/1/30 22:40,7.906443953514101,1126.4088165283206
2021/1/30 22:50,8.345391345024108,1280.6923187255873
2021/1/30 23:00,7.9498986482620255,1268.874554
2021/1/30 23:10,7.795792865753174,1148.0697814941411
2021/1/30 23:20,8.006217384338376,1247.5577758789063
2021/1/30 23:30,7.166579794883728,932.5216888
2021/1/30 23:40,7.059418511390684,898.8108947753906
2021/1/30 23:50,6.818087410926819,810.7069000244143
2021/1/31 00:00,6.655071544647217,813.8232788085943
2021/1/31 00:10,6.959032392501831,740.0825393676761
2021/1/31 00:20,6.118321092505204,592.6656433
2021/1/31 00:30,5.582585906982422,517.0057922363283
2021/1/31 00:40,5.601783059892201,573.1420257568362
2021/1/31 00:50,5.958420789,512.1324722
2021/1/31 01:00,5.583076351567319,426.0612625
2021/1/31 01:10,6.625390053,600.5252812703452
2021/1/31 01:20,6.453563239839341,604.4354994032119
2021/1/31 01:30,6.073692974,563.2167266845704
2021/1/31 01:40,6.350200939178467,625.8315301192436
2021/1/31 01:50,5.684234285354615,500.2207977294924
2021/1/31 02:00,5.652640771865845,475.3250709533692
2021/1/31 02:10,5.318051683902739,398.5239792
2021/1/31 02:20,5.518656587600708,399.88342208862304
2021/1/31 02:30,4.872031998634339,359.2447082519531
2021/1/31 02:40,5.477596426010131,391.6803390502931
2021/1/31 02:50,5.033061671257018,385.5959197998049
2021/1/31 03:00,5.385266578197479,486.9000732421876
2021/1/31 03:10,5.143842720985413,411.2903687
2021/1/31 03:20,6.106790900230409,529.7625351
2021/1/31 03:30,5.72590698,465.5352462768556
2021/1/31 03:40,5.539558017253876,401.6494384765625
2021/1/31 03:50,5.045851302146913,346.51724243164074
2021/1/31 04:00,4.744618999958037,302.56210021972663
2021/1/31 04:10,4.785827720165253,297.7282821655273
2021/1/31 04:20,4.928591930866241,304.04155731201166
2021/1/31 04:30,5.188801109790802,412.46413803100586
2021/1/31 04:40,5.363548374176026,423.3866424560548
2021/1/31 04:50,5.013292622566223,336.98622817993174
2021/1/31 05:00,5.034505693536055,257.52868347167976
2021/1/31 05:10,5.181174483,312.6090530395508
2021/1/31 05:20,4.9871194720268255,303.54593276977545
2021/1/31 05:30,5.731995463371277,423.4682601928712
2021/1/31 05:40,5.782207131385802,456.7298156738282
2021/1/31 05:50,5.859872591495514,478.0748809814453
2021/1/31 06:00,5.781204628944397,400.8672737121584
2021/1/31 06:10,6.230008815,596.7258407592774
2021/1/31 06:20,6.695333671569824,687.5342636
2021/1/31 06:30,6.531278157234192,723.5008392333986
2021/1/31 06:40,6.525653767585754,671.9214767456054
2021/1/31 06:50,6.567307925224304,695.2731979370117
2021/1/31 07:00,5.995675742626191,510.3163360595704
2021/1/31 07:10,6.536197185516357,612.5056060791017
2021/1/31 07:20,6.526915955543518,591.1594375610351
2021/1/31 07:30,6.021143543720245,548.8529220581056
2021/1/31 07:40,6.398760485649109,534.1929901123048
2021/1/31 07:50,6.025338673591614,489.3825988769531
2021/1/31 08:00,6.645567464828491,651.9083990799754
2021/1/31 08:10,6.531686544418335,597.3735367
2021/1/31 08:20,5.600981354713441,468.0492805480958
2021/1/31 08:30,5.361989152431488,421.73265686035177
2021/1/31 08:40,6.200884199142456,559.4248947143556
2021/1/31 08:50,6.876188063621521,717.9168731689454
2021/1/31 09:00,7.146959161758423,836.4451019287113
2021/1/31 09:10,6.698637664318087,838.4293045043948
2021/1/31 09:20,6.809344435,708.5474990844726
2021/1/31 09:30,6.175379348,569.5027740478516
2021/1/31 09:40,6.642523241043091,597.8857284545899
2021/1/31 09:50,6.129622745513916,511.7382034301759
2021/1/31 10:00,6.052217209339142,590.0480972290039
2021/1/31 10:10,6.5946505784988405,650.2750091552736
2021/1/31 10:20,5.852336251735688,556.7764175
2021/1/31 10:30,5.860986375808716,467.7643555
2021/1/31 10:40,6.0605332374572765,568.1481536865234
2021/1/31 10:50,6.3019384860992425,602.8475875854493
2021/1/31 11:00,5.786699211597442,487.94740142822286
2021/1/31 11:10,5.723865127563477,445.6066970825197
2021/1/31 11:20,5.437185919,376.5077415
2021/1/31 11:30,6.109742403030396,511.1721054077149
2021/1/31 11:40,6.082993793487548,485.2893371582032
2021/1/31 11:50,5.400970458984375,340.3730659484863
2021/1/31 12:00,5.370676445960998,277.4171859741211
2021/1/31 12:10,5.462338101863861,348.09973297119143
2021/1/31 12:20,4.710890913009644,275.1854537963868
2021/1/31 12:30,5.215289735794068,320.18098220825203
2021/1/31 12:40,5.556969749927521,364.0587532043457
2021/1/31 12:50,6.164910101890564,608.7772758483886
2021/1/31 13:00,6.0955606460571286,481.30061950683614
2021/1/31 13:10,5.551048302650452,486.2545089721683
2021/1/31 13:20,4.977671194076538,268.7835578918457
2021/1/31 13:30,4.612157046794891,234.11293792724604
2021/1/31 13:40,4.894455540180205,228.73542709350585
2021/1/31 13:50,5.175213241577149,317.42051086425795
2021/1/31 14:00,5.709460604190827,373.1219116210939
2021/1/31 14:10,4.873758387565613,243.04217948913572
2021/1/31 14:20,4.502136993408202,193.8263473510743
2021/1/31 14:30,5.705098474025727,433.9153823852539
2021/1/31 14:40,6.054630255699157,482.1222282409668
2021/1/31 14:50,5.565861129760743,374.6840919
2021/1/31 15:00,6.317289710044862,478.2237869262696
2021/1/31 15:10,5.751430344581605,433.0665603637696
2021/1/31 15:20,6.182080459594726,515.4169006347657
2021/1/31 15:30,5.699353247880936,424.9516229629517
2021/1/31 15:40,5.651378583908081,365.95014343261727
2021/1/31 15:50,5.032453951082732,356.79741516113296
2021/1/31 16:00,5.203555572600591,339.41007843017576
2021/1/31 16:10,5.170910759976035,329.2697257995606
2021/1/31 16:20,5.692290329933166,336.36676712036143
2021/1/31 16:30,5.444873734524375,309.0473857678866
2021/1/31 16:40,5.74910327,380.44747755262574
2021/1/31 16:50,5.360411369800568,397.9749198913577
2021/1/31 17:00,6.218592834472657,532.6969802856446
2021/1/31 17:10,5.358685028553009,358.86641769409187
2021/1/31 17:20,5.36859161,339.25803527832034
2021/1/31 17:30,5.033915543556213,310.8383315236947
2021/1/31 17:40,5.701163136959077,325.93031158447286
2021/1/31 17:50,5.489810562133789,353.7466300964356
2021/1/31 18:00,4.938671350479126,259.8452941894532
2021/1/31 18:10,5.473475575447083,344.7256385803225
2021/1/31 18:20,4.9057229399681095,294.09541702270496
2021/1/31 18:30,5.683255245811061,370.71407928466806
2021/1/31 18:40,5.704393029212952,437.14437063116776
2021/1/31 18:50,5.855355726,461.6406114
2021/1/31 19:00,6.403976535797119,444.1256393432618
2021/1/31 19:10,5.588024783,357.44511795043945
2021/1/31 19:20,5.464175724983216,396.5632492065431
2021/1/31 19:30,5.000614428520203,234.1774917602539
2021/1/31 19:40,3.9487888574600234,145.4273515701294
2021/1/31 19:50,5.049396669864654,214.09901962280287
2021/1/31 20:00,4.457716929912567,192.14361572265636
2021/1/31 20:10,5.019288253784178,219.5095962524415
2021/1/31 20:20,5.361859178543091,309.09897079467777
2021/1/31 20:30,6.204615283,329.2462341308595
2021/1/31 20:40,5.664743590354919,299.2461525
2021/1/31 20:50,5.238827002048493,295.90995407104504
2021/1/31 21:00,5.625910902023316,271.4656951904298
2021/1/31 21:10,5.002266430854798,174.87788696289064
2021/1/31 21:20,4.7852337002754215,149.1931349
2021/1/31 21:30,5.044514751434325,180.25858497619632
2021/1/31 21:40,5.092331767082216,167.93611526489266
2021/1/31 21:50,4.958626079559325,181.3817230224608
2021/1/31 22:00,5.060274291038512,192.98826370239263
2021/1/31 22:10,4.632575714588166,121.41620216369628
2021/1/31 22:20,4.772914436128405,141.00768110487195
2021/1/31 22:30,5.160994422435761,154.2968669891358
2021/1/31 22:40,5.323174989223481,161.75083122253417
2021/1/31 22:50,5.246827435,199.0512916564942
2021/1/31 23:00,5.226705741882324,161.61055183410642
2021/1/31 23:10,5.0280497670173645,146.05911636352545
2021/1/31 23:20,5.116760098934174,135.67817115783697
2021/1/31 23:30,5.410994243621826,155.83499069213877
2021/1/31 23:40,5.1597879171371455,140.32580642700214
2021/1/31 23:50,5.054742658138276,144.70389900207516
